﻿Country,Country Code,Year,Antiretroviral therapy coverage (% of people living with HIV)
Afghanistan,AFG,2000,0
Afghanistan,AFG,2001,0
Afghanistan,AFG,2002,0
Afghanistan,AFG,2003,0
Afghanistan,AFG,2004,0
Afghanistan,AFG,2005,0
Afghanistan,AFG,2006,0
Afghanistan,AFG,2007,0
Afghanistan,AFG,2008,0
Afghanistan,AFG,2009,1
Afghanistan,AFG,2010,1
Afghanistan,AFG,2011,2
Afghanistan,AFG,2012,3
Afghanistan,AFG,2013,3
Afghanistan,AFG,2014,4
Afghanistan,AFG,2015,5
Afghanistan,AFG,2016,7
Afghanistan,AFG,2017,9
Afghanistan,AFG,2018,9
Afghanistan,AFG,2019,10
Afghanistan,AFG,2020,9
Albania,ALB,2000,0
Albania,ALB,2001,0
Albania,ALB,2002,0
Albania,ALB,2003,0
Albania,ALB,2004,5
Albania,ALB,2005,11
Albania,ALB,2006,12
Albania,ALB,2007,14
Albania,ALB,2008,18
Albania,ALB,2009,20
Albania,ALB,2010,21
Albania,ALB,2011,24
Albania,ALB,2012,29
Albania,ALB,2013,37
Albania,ALB,2014,37
Albania,ALB,2015,40
Albania,ALB,2016,43
Albania,ALB,2017,45
Albania,ALB,2018,44
Albania,ALB,2019,44
Albania,ALB,2020,47
Algeria,DZA,2000,8
Algeria,DZA,2001,10
Algeria,DZA,2002,11
Algeria,DZA,2003,12
Algeria,DZA,2004,14
Algeria,DZA,2005,16
Algeria,DZA,2006,22
Algeria,DZA,2007,23
Algeria,DZA,2008,23
Algeria,DZA,2009,29
Algeria,DZA,2010,38
Algeria,DZA,2011,41
Algeria,DZA,2012,47
Algeria,DZA,2013,56
Algeria,DZA,2014,64
Algeria,DZA,2015,71
Algeria,DZA,2016,77
Algeria,DZA,2017,79
Algeria,DZA,2018,83
Algeria,DZA,2019,85
Algeria,DZA,2020,85
Angola,AGO,2000,0
Angola,AGO,2001,0
Angola,AGO,2002,0
Angola,AGO,2003,0
Angola,AGO,2004,0
Angola,AGO,2005,0
Angola,AGO,2006,2
Angola,AGO,2007,3
Angola,AGO,2008,5
Angola,AGO,2009,7
Angola,AGO,2010,9
Angola,AGO,2011,10
Angola,AGO,2012,12
Angola,AGO,2013,17
Angola,AGO,2014,21
Angola,AGO,2015,23
Angola,AGO,2016,22
Angola,AGO,2017,24
Angola,AGO,2018,27
Angola,AGO,2019,28
Angola,AGO,2020,33
Argentina,ARG,2000,21
Argentina,ARG,2001,25
Argentina,ARG,2002,28
Argentina,ARG,2003,31
Argentina,ARG,2004,34
Argentina,ARG,2005,34
Argentina,ARG,2006,35
Argentina,ARG,2007,39
Argentina,ARG,2008,41
Argentina,ARG,2009,44
Argentina,ARG,2010,47
Argentina,ARG,2011,49
Argentina,ARG,2012,52
Argentina,ARG,2013,54
Argentina,ARG,2014,56
Argentina,ARG,2015,58
Argentina,ARG,2016,60
Argentina,ARG,2017,61
Argentina,ARG,2018,63
Argentina,ARG,2019,65
Argentina,ARG,2020,65
Armenia,ARM,2000,0
Armenia,ARM,2001,0
Armenia,ARM,2002,0
Armenia,ARM,2003,0
Armenia,ARM,2004,0
Armenia,ARM,2005,1
Armenia,ARM,2006,1
Armenia,ARM,2007,2
Armenia,ARM,2008,2
Armenia,ARM,2009,4
Armenia,ARM,2010,6
Armenia,ARM,2011,8
Armenia,ARM,2012,12
Armenia,ARM,2013,15
Armenia,ARM,2014,19
Armenia,ARM,2015,24
Armenia,ARM,2016,29
Armenia,ARM,2017,37
Armenia,ARM,2018,43
Armenia,ARM,2019,48
Armenia,ARM,2020,48
Australia,AUS,2000,44
Australia,AUS,2001,45
Australia,AUS,2002,44
Australia,AUS,2003,45
Australia,AUS,2004,46
Australia,AUS,2005,49
Australia,AUS,2006,53
Australia,AUS,2007,53
Australia,AUS,2008,52
Australia,AUS,2009,53
Australia,AUS,2010,58
Australia,AUS,2011,61
Australia,AUS,2012,63
Australia,AUS,2013,71
Australia,AUS,2014,74
Australia,AUS,2015,76
Australia,AUS,2016,78
Australia,AUS,2017,80
Australia,AUS,2018,81
Australia,AUS,2019,82
Australia,AUS,2020,85
Azerbaijan,AZE,2000,0
Azerbaijan,AZE,2001,0
Azerbaijan,AZE,2002,0
Azerbaijan,AZE,2003,0
Azerbaijan,AZE,2004,0
Azerbaijan,AZE,2005,0
Azerbaijan,AZE,2006,0
Azerbaijan,AZE,2007,1
Azerbaijan,AZE,2008,2
Azerbaijan,AZE,2009,4
Azerbaijan,AZE,2010,7
Azerbaijan,AZE,2011,11
Azerbaijan,AZE,2012,15
Azerbaijan,AZE,2013,20
Azerbaijan,AZE,2014,20
Azerbaijan,AZE,2015,26
Azerbaijan,AZE,2016,31
Azerbaijan,AZE,2017,39
Azerbaijan,AZE,2018,46
Azerbaijan,AZE,2019,52
Azerbaijan,AZE,2020,57
Bahamas,BHS,2000,1
Bahamas,BHS,2001,3
Bahamas,BHS,2002,3
Bahamas,BHS,2003,18
Bahamas,BHS,2004,22
Bahamas,BHS,2005,26
Bahamas,BHS,2006,33
Bahamas,BHS,2007,32
Bahamas,BHS,2008,37
Bahamas,BHS,2009,41
Bahamas,BHS,2010,29
Bahamas,BHS,2011,29
Bahamas,BHS,2012,35
Bahamas,BHS,2013,42
Bahamas,BHS,2014,50
Bahamas,BHS,2015,49
Bahamas,BHS,2016,48
Bahamas,BHS,2017,63
Bahamas,BHS,2018,66
Bahamas,BHS,2019,64
Bahamas,BHS,2020,63
Belarus,BLR,2000,0
Belarus,BLR,2001,0
Belarus,BLR,2002,0
Belarus,BLR,2003,0
Belarus,BLR,2004,1
Belarus,BLR,2005,3
Belarus,BLR,2006,9
Belarus,BLR,2007,10
Belarus,BLR,2008,12
Belarus,BLR,2009,14
Belarus,BLR,2010,19
Belarus,BLR,2011,20
Belarus,BLR,2012,24
Belarus,BLR,2013,27
Belarus,BLR,2014,28
Belarus,BLR,2015,33
Belarus,BLR,2016,36
Belarus,BLR,2017,44
Belarus,BLR,2018,58
Belarus,BLR,2019,64
Belarus,BLR,2020,66
Belize,BLZ,2000,1
Belize,BLZ,2001,1
Belize,BLZ,2002,3
Belize,BLZ,2003,8
Belize,BLZ,2004,7
Belize,BLZ,2005,11
Belize,BLZ,2006,14
Belize,BLZ,2007,15
Belize,BLZ,2008,18
Belize,BLZ,2009,24
Belize,BLZ,2010,27
Belize,BLZ,2011,29
Belize,BLZ,2012,28
Belize,BLZ,2013,30
Belize,BLZ,2014,32
Belize,BLZ,2015,33
Belize,BLZ,2016,36
Belize,BLZ,2017,36
Belize,BLZ,2018,38
Belize,BLZ,2019,41
Belize,BLZ,2020,39
Benin,BEN,2000,0
Benin,BEN,2001,0
Benin,BEN,2002,0
Benin,BEN,2003,0
Benin,BEN,2004,0
Benin,BEN,2005,0
Benin,BEN,2006,0
Benin,BEN,2007,0
Benin,BEN,2008,19
Benin,BEN,2009,24
Benin,BEN,2010,29
Benin,BEN,2011,37
Benin,BEN,2012,39
Benin,BEN,2013,34
Benin,BEN,2014,39
Benin,BEN,2015,45
Benin,BEN,2016,51
Benin,BEN,2017,51
Benin,BEN,2018,58
Benin,BEN,2019,65
Benin,BEN,2020,70
Bhutan,BTN,2000,0
Bhutan,BTN,2001,0
Bhutan,BTN,2002,0
Bhutan,BTN,2003,0
Bhutan,BTN,2004,0
Bhutan,BTN,2005,0
Bhutan,BTN,2006,1
Bhutan,BTN,2007,2
Bhutan,BTN,2008,3
Bhutan,BTN,2009,4
Bhutan,BTN,2010,6
Bhutan,BTN,2011,7
Bhutan,BTN,2012,10
Bhutan,BTN,2013,13
Bhutan,BTN,2014,16
Bhutan,BTN,2015,21
Bhutan,BTN,2016,25
Bhutan,BTN,2017,32
Bhutan,BTN,2018,37
Bhutan,BTN,2019,42
Bhutan,BTN,2020,45
Bolivia,BOL,2000,0
Bolivia,BOL,2001,0
Bolivia,BOL,2002,1
Bolivia,BOL,2003,1
Bolivia,BOL,2004,1
Bolivia,BOL,2005,3
Bolivia,BOL,2006,4
Bolivia,BOL,2007,5
Bolivia,BOL,2008,6
Bolivia,BOL,2009,10
Bolivia,BOL,2010,11
Bolivia,BOL,2011,11
Bolivia,BOL,2012,19
Bolivia,BOL,2013,23
Bolivia,BOL,2014,28
Bolivia,BOL,2015,37
Bolivia,BOL,2016,44
Bolivia,BOL,2017,49
Bolivia,BOL,2018,61
Bolivia,BOL,2019,69
Bolivia,BOL,2020,68
Botswana,BWA,2000,0
Botswana,BWA,2001,1
Botswana,BWA,2002,2
Botswana,BWA,2003,6
Botswana,BWA,2004,12
Botswana,BWA,2005,19
Botswana,BWA,2006,25
Botswana,BWA,2007,29
Botswana,BWA,2008,36
Botswana,BWA,2009,43
Botswana,BWA,2010,48
Botswana,BWA,2011,53
Botswana,BWA,2012,60
Botswana,BWA,2013,64
Botswana,BWA,2014,66
Botswana,BWA,2015,71
Botswana,BWA,2016,75
Botswana,BWA,2017,78
Botswana,BWA,2018,83
Botswana,BWA,2019,84
Botswana,BWA,2020,87
Brazil,BRA,2000,26
Brazil,BRA,2001,31
Brazil,BRA,2002,34
Brazil,BRA,2003,38
Brazil,BRA,2004,41
Brazil,BRA,2005,44
Brazil,BRA,2006,47
Brazil,BRA,2007,49
Brazil,BRA,2008,51
Brazil,BRA,2009,52
Brazil,BRA,2010,54
Brazil,BRA,2011,56
Brazil,BRA,2012,57
Brazil,BRA,2013,59
Brazil,BRA,2014,60
Brazil,BRA,2015,62
Brazil,BRA,2016,64
Brazil,BRA,2017,65
Brazil,BRA,2018,67
Brazil,BRA,2019,68
Brazil,BRA,2020,70
Burkina Faso,BFA,2000,0
Burkina Faso,BFA,2001,0
Burkina Faso,BFA,2002,0
Burkina Faso,BFA,2003,1
Burkina Faso,BFA,2004,3
Burkina Faso,BFA,2005,6
Burkina Faso,BFA,2006,10
Burkina Faso,BFA,2007,12
Burkina Faso,BFA,2008,17
Burkina Faso,BFA,2009,22
Burkina Faso,BFA,2010,26
Burkina Faso,BFA,2011,30
Burkina Faso,BFA,2012,33
Burkina Faso,BFA,2013,36
Burkina Faso,BFA,2014,41
Burkina Faso,BFA,2015,48
Burkina Faso,BFA,2016,54
Burkina Faso,BFA,2017,62
Burkina Faso,BFA,2018,59
Burkina Faso,BFA,2019,69
Burkina Faso,BFA,2020,72
Burundi,BDI,2000,0
Burundi,BDI,2001,0
Burundi,BDI,2002,1
Burundi,BDI,2003,1
Burundi,BDI,2004,3
Burundi,BDI,2005,6
Burundi,BDI,2006,7
Burundi,BDI,2007,11
Burundi,BDI,2008,14
Burundi,BDI,2009,18
Burundi,BDI,2010,24
Burundi,BDI,2011,28
Burundi,BDI,2012,32
Burundi,BDI,2013,36
Burundi,BDI,2014,42
Burundi,BDI,2015,48
Burundi,BDI,2016,60
Burundi,BDI,2017,71
Burundi,BDI,2018,78
Burundi,BDI,2019,86
Burundi,BDI,2020,88
Cambodia,KHM,2000,0
Cambodia,KHM,2001,0
Cambodia,KHM,2002,0
Cambodia,KHM,2003,3
Cambodia,KHM,2004,7
Cambodia,KHM,2005,12
Cambodia,KHM,2006,22
Cambodia,KHM,2007,29
Cambodia,KHM,2008,37
Cambodia,KHM,2009,44
Cambodia,KHM,2010,50
Cambodia,KHM,2011,54
Cambodia,KHM,2012,57
Cambodia,KHM,2013,60
Cambodia,KHM,2014,63
Cambodia,KHM,2015,67
Cambodia,KHM,2016,70
Cambodia,KHM,2017,74
Cambodia,KHM,2018,78
Cambodia,KHM,2019,81
Cambodia,KHM,2020,83
Cameroon,CMR,2000,0
Cameroon,CMR,2001,0
Cameroon,CMR,2002,0
Cameroon,CMR,2003,0
Cameroon,CMR,2004,3
Cameroon,CMR,2005,5
Cameroon,CMR,2006,6
Cameroon,CMR,2007,9
Cameroon,CMR,2008,12
Cameroon,CMR,2009,15
Cameroon,CMR,2010,17
Cameroon,CMR,2011,20
Cameroon,CMR,2012,23
Cameroon,CMR,2013,25
Cameroon,CMR,2014,28
Cameroon,CMR,2015,33
Cameroon,CMR,2016,40
Cameroon,CMR,2017,50
Cameroon,CMR,2018,56
Cameroon,CMR,2019,62
Cameroon,CMR,2020,74
Canada,CAN,2014,72
Canada,CAN,2016,73
Canada,CAN,2018,74
Cape Verde,CPV,2000,0
Cape Verde,CPV,2001,0
Cape Verde,CPV,2002,0
Cape Verde,CPV,2003,0
Cape Verde,CPV,2004,1
Cape Verde,CPV,2005,8
Cape Verde,CPV,2006,13
Cape Verde,CPV,2007,19
Cape Verde,CPV,2008,25
Cape Verde,CPV,2009,26
Cape Verde,CPV,2010,32
Cape Verde,CPV,2011,36
Cape Verde,CPV,2012,44
Cape Verde,CPV,2013,49
Cape Verde,CPV,2014,59
Cape Verde,CPV,2015,64
Cape Verde,CPV,2016,74
Cape Verde,CPV,2017,81
Cape Verde,CPV,2018,94
Cape Verde,CPV,2019,98
Cape Verde,CPV,2020,98
Central African Republic,CAF,2000,0
Central African Republic,CAF,2001,0
Central African Republic,CAF,2002,0
Central African Republic,CAF,2003,0
Central African Republic,CAF,2004,0
Central African Republic,CAF,2005,1
Central African Republic,CAF,2006,2
Central African Republic,CAF,2007,4
Central African Republic,CAF,2008,9
Central African Republic,CAF,2009,10
Central African Republic,CAF,2010,12
Central African Republic,CAF,2011,12
Central African Republic,CAF,2012,15
Central African Republic,CAF,2013,15
Central African Republic,CAF,2014,23
Central African Republic,CAF,2015,28
Central African Republic,CAF,2016,33
Central African Republic,CAF,2017,39
Central African Republic,CAF,2018,43
Central African Republic,CAF,2019,53
Central African Republic,CAF,2020,58
Chad,TCD,2000,0
Chad,TCD,2001,0
Chad,TCD,2002,0
Chad,TCD,2003,2
Chad,TCD,2004,0
Chad,TCD,2005,2
Chad,TCD,2006,5
Chad,TCD,2007,7
Chad,TCD,2008,17
Chad,TCD,2009,24
Chad,TCD,2010,30
Chad,TCD,2011,30
Chad,TCD,2012,33
Chad,TCD,2013,35
Chad,TCD,2014,42
Chad,TCD,2015,51
Chad,TCD,2016,39
Chad,TCD,2017,46
Chad,TCD,2018,54
Chad,TCD,2019,62
Chad,TCD,2020,69
Chile,CHL,2000,9
Chile,CHL,2001,12
Chile,CHL,2002,16
Chile,CHL,2003,20
Chile,CHL,2004,22
Chile,CHL,2005,31
Chile,CHL,2006,31
Chile,CHL,2007,34
Chile,CHL,2008,35
Chile,CHL,2009,38
Chile,CHL,2010,40
Chile,CHL,2011,40
Chile,CHL,2012,45
Chile,CHL,2013,50
Chile,CHL,2014,51
Chile,CHL,2015,52
Chile,CHL,2016,56
Chile,CHL,2017,62
Chile,CHL,2018,66
Chile,CHL,2019,69
Chile,CHL,2020,70
Colombia,COL,2000,1
Colombia,COL,2001,2
Colombia,COL,2002,3
Colombia,COL,2003,4
Colombia,COL,2004,6
Colombia,COL,2005,7
Colombia,COL,2006,13
Colombia,COL,2007,11
Colombia,COL,2008,11
Colombia,COL,2009,13
Colombia,COL,2010,18
Colombia,COL,2011,25
Colombia,COL,2012,28
Colombia,COL,2013,33
Colombia,COL,2014,39
Colombia,COL,2015,45
Colombia,COL,2016,49
Colombia,COL,2017,48
Colombia,COL,2018,49
Colombia,COL,2019,51
Colombia,COL,2020,64
Comoros,COM,2000,0
Comoros,COM,2001,0
Comoros,COM,2002,0
Comoros,COM,2003,0
Comoros,COM,2004,0
Comoros,COM,2005,0
Comoros,COM,2006,0
Comoros,COM,2007,0
Comoros,COM,2008,0
Comoros,COM,2009,0
Comoros,COM,2010,16
Comoros,COM,2011,17
Comoros,COM,2012,20
Comoros,COM,2013,22
Comoros,COM,2014,24
Comoros,COM,2015,31
Comoros,COM,2016,34
Comoros,COM,2017,38
Comoros,COM,2018,45
Comoros,COM,2019,57
Comoros,COM,2020,62
Congo,COG,2000,0
Congo,COG,2001,0
Congo,COG,2002,0
Congo,COG,2003,1
Congo,COG,2004,1
Congo,COG,2005,3
Congo,COG,2006,4
Congo,COG,2007,6
Congo,COG,2008,11
Congo,COG,2009,14
Congo,COG,2010,17
Congo,COG,2011,19
Congo,COG,2012,19
Congo,COG,2013,21
Congo,COG,2014,20
Congo,COG,2015,26
Congo,COG,2016,27
Congo,COG,2017,28
Congo,COG,2018,29
Congo,COG,2019,24
Congo,COG,2020,24
Costa Rica,CRI,2000,10
Costa Rica,CRI,2001,13
Costa Rica,CRI,2002,16
Costa Rica,CRI,2003,19
Costa Rica,CRI,2004,21
Costa Rica,CRI,2005,23
Costa Rica,CRI,2006,26
Costa Rica,CRI,2007,28
Costa Rica,CRI,2008,30
Costa Rica,CRI,2009,32
Costa Rica,CRI,2010,48
Costa Rica,CRI,2011,49
Costa Rica,CRI,2012,49
Costa Rica,CRI,2013,50
Costa Rica,CRI,2014,51
Costa Rica,CRI,2015,56
Costa Rica,CRI,2016,57
Costa Rica,CRI,2017,59
Costa Rica,CRI,2018,63
Costa Rica,CRI,2019,64
Costa Rica,CRI,2020,53
Cote d'Ivoire,CIV,2000,0
Cote d'Ivoire,CIV,2001,0
Cote d'Ivoire,CIV,2002,0
Cote d'Ivoire,CIV,2003,1
Cote d'Ivoire,CIV,2004,1
Cote d'Ivoire,CIV,2005,3
Cote d'Ivoire,CIV,2006,5
Cote d'Ivoire,CIV,2007,7
Cote d'Ivoire,CIV,2008,10
Cote d'Ivoire,CIV,2009,15
Cote d'Ivoire,CIV,2010,16
Cote d'Ivoire,CIV,2011,20
Cote d'Ivoire,CIV,2012,23
Cote d'Ivoire,CIV,2013,27
Cote d'Ivoire,CIV,2014,32
Cote d'Ivoire,CIV,2015,37
Cote d'Ivoire,CIV,2016,46
Cote d'Ivoire,CIV,2017,57
Cote d'Ivoire,CIV,2018,64
Cote d'Ivoire,CIV,2019,70
Cote d'Ivoire,CIV,2020,74
Croatia,HRV,2000,29
Croatia,HRV,2001,31
Croatia,HRV,2002,33
Croatia,HRV,2003,34
Croatia,HRV,2004,35
Croatia,HRV,2005,36
Croatia,HRV,2006,37
Croatia,HRV,2007,40
Croatia,HRV,2008,43
Croatia,HRV,2009,43
Croatia,HRV,2010,46
Croatia,HRV,2011,49
Croatia,HRV,2012,52
Croatia,HRV,2013,55
Croatia,HRV,2014,58
Croatia,HRV,2015,63
Croatia,HRV,2016,68
Croatia,HRV,2017,70
Croatia,HRV,2018,73
Croatia,HRV,2019,73
Croatia,HRV,2020,75
Cuba,CUB,2000,1
Cuba,CUB,2001,8
Cuba,CUB,2002,14
Cuba,CUB,2003,18
Cuba,CUB,2004,19
Cuba,CUB,2005,20
Cuba,CUB,2006,23
Cuba,CUB,2007,25
Cuba,CUB,2008,28
Cuba,CUB,2009,31
Cuba,CUB,2010,34
Cuba,CUB,2011,39
Cuba,CUB,2012,42
Cuba,CUB,2013,45
Cuba,CUB,2014,52
Cuba,CUB,2015,59
Cuba,CUB,2016,63
Cuba,CUB,2017,67
Cuba,CUB,2018,72
Cuba,CUB,2019,77
Cuba,CUB,2020,75
Democratic Republic of Congo,COD,2000,0
Democratic Republic of Congo,COD,2001,0
Democratic Republic of Congo,COD,2002,0
Democratic Republic of Congo,COD,2003,0
Democratic Republic of Congo,COD,2004,1
Democratic Republic of Congo,COD,2005,2
Democratic Republic of Congo,COD,2006,3
Democratic Republic of Congo,COD,2007,4
Democratic Republic of Congo,COD,2008,4
Democratic Republic of Congo,COD,2009,6
Democratic Republic of Congo,COD,2010,8
Democratic Republic of Congo,COD,2011,10
Democratic Republic of Congo,COD,2012,13
Democratic Republic of Congo,COD,2013,15
Democratic Republic of Congo,COD,2014,20
Democratic Republic of Congo,COD,2015,24
Democratic Republic of Congo,COD,2016,31
Democratic Republic of Congo,COD,2017,43
Democratic Republic of Congo,COD,2018,51
Democratic Republic of Congo,COD,2019,63
Democratic Republic of Congo,COD,2020,75
Denmark,DNK,2000,48
Denmark,DNK,2001,49
Denmark,DNK,2002,50
Denmark,DNK,2003,52
Denmark,DNK,2004,53
Denmark,DNK,2005,53
Denmark,DNK,2006,55
Denmark,DNK,2007,55
Denmark,DNK,2008,59
Denmark,DNK,2009,63
Denmark,DNK,2010,66
Denmark,DNK,2011,69
Denmark,DNK,2012,72
Denmark,DNK,2013,71
Denmark,DNK,2014,76
Denmark,DNK,2015,79
Denmark,DNK,2016,82
Denmark,DNK,2017,84
Denmark,DNK,2018,86
Denmark,DNK,2019,90
Denmark,DNK,2020,90
Djibouti,DJI,2000,0
Djibouti,DJI,2001,0
Djibouti,DJI,2002,0
Djibouti,DJI,2003,1
Djibouti,DJI,2004,1
Djibouti,DJI,2005,2
Djibouti,DJI,2006,4
Djibouti,DJI,2007,5
Djibouti,DJI,2008,7
Djibouti,DJI,2009,8
Djibouti,DJI,2010,9
Djibouti,DJI,2011,10
Djibouti,DJI,2012,13
Djibouti,DJI,2013,15
Djibouti,DJI,2014,18
Djibouti,DJI,2015,23
Djibouti,DJI,2016,28
Djibouti,DJI,2017,32
Djibouti,DJI,2018,37
Djibouti,DJI,2019,27
Djibouti,DJI,2020,30
Dominican Republic,DOM,2000,0
Dominican Republic,DOM,2001,0
Dominican Republic,DOM,2002,0
Dominican Republic,DOM,2003,0
Dominican Republic,DOM,2004,1
Dominican Republic,DOM,2005,3
Dominican Republic,DOM,2006,5
Dominican Republic,DOM,2007,9
Dominican Republic,DOM,2008,12
Dominican Republic,DOM,2009,16
Dominican Republic,DOM,2010,20
Dominican Republic,DOM,2011,23
Dominican Republic,DOM,2012,27
Dominican Republic,DOM,2013,29
Dominican Republic,DOM,2014,32
Dominican Republic,DOM,2015,35
Dominican Republic,DOM,2016,38
Dominican Republic,DOM,2017,41
Dominican Republic,DOM,2018,44
Dominican Republic,DOM,2019,47
Dominican Republic,DOM,2020,51
Ecuador,ECU,2000,2
Ecuador,ECU,2001,2
Ecuador,ECU,2002,2
Ecuador,ECU,2003,2
Ecuador,ECU,2004,3
Ecuador,ECU,2005,5
Ecuador,ECU,2006,7
Ecuador,ECU,2007,10
Ecuador,ECU,2008,14
Ecuador,ECU,2009,18
Ecuador,ECU,2010,23
Ecuador,ECU,2011,28
Ecuador,ECU,2012,28
Ecuador,ECU,2013,29
Ecuador,ECU,2014,35
Ecuador,ECU,2015,42
Ecuador,ECU,2016,47
Ecuador,ECU,2017,53
Ecuador,ECU,2018,60
Ecuador,ECU,2019,70
Ecuador,ECU,2020,76
Egypt,EGY,2000,0
Egypt,EGY,2001,0
Egypt,EGY,2002,0
Egypt,EGY,2003,0
Egypt,EGY,2004,1
Egypt,EGY,2005,1
Egypt,EGY,2006,7
Egypt,EGY,2007,6
Egypt,EGY,2008,8
Egypt,EGY,2009,8
Egypt,EGY,2010,11
Egypt,EGY,2011,12
Egypt,EGY,2012,13
Egypt,EGY,2013,14
Egypt,EGY,2014,18
Egypt,EGY,2015,19
Egypt,EGY,2016,23
Egypt,EGY,2017,30
Egypt,EGY,2018,37
Egypt,EGY,2019,40
Egypt,EGY,2020,44
El Salvador,SLV,2000,0
El Salvador,SLV,2001,1
El Salvador,SLV,2002,2
El Salvador,SLV,2003,4
El Salvador,SLV,2004,10
El Salvador,SLV,2005,16
El Salvador,SLV,2006,22
El Salvador,SLV,2007,26
El Salvador,SLV,2008,31
El Salvador,SLV,2009,36
El Salvador,SLV,2010,41
El Salvador,SLV,2011,41
El Salvador,SLV,2012,41
El Salvador,SLV,2013,44
El Salvador,SLV,2014,44
El Salvador,SLV,2015,45
El Salvador,SLV,2016,47
El Salvador,SLV,2017,47
El Salvador,SLV,2018,48
El Salvador,SLV,2019,54
El Salvador,SLV,2020,56
Equatorial Guinea,GNQ,2000,0
Equatorial Guinea,GNQ,2001,0
Equatorial Guinea,GNQ,2002,0
Equatorial Guinea,GNQ,2003,0
Equatorial Guinea,GNQ,2004,1
Equatorial Guinea,GNQ,2005,2
Equatorial Guinea,GNQ,2006,3
Equatorial Guinea,GNQ,2007,6
Equatorial Guinea,GNQ,2008,8
Equatorial Guinea,GNQ,2009,11
Equatorial Guinea,GNQ,2010,7
Equatorial Guinea,GNQ,2011,10
Equatorial Guinea,GNQ,2012,14
Equatorial Guinea,GNQ,2013,24
Equatorial Guinea,GNQ,2014,24
Equatorial Guinea,GNQ,2015,21
Equatorial Guinea,GNQ,2016,27
Equatorial Guinea,GNQ,2017,35
Equatorial Guinea,GNQ,2018,35
Equatorial Guinea,GNQ,2019,35
Equatorial Guinea,GNQ,2020,38
Eritrea,ERI,2000,0
Eritrea,ERI,2001,0
Eritrea,ERI,2002,0
Eritrea,ERI,2003,0
Eritrea,ERI,2004,0
Eritrea,ERI,2005,2
Eritrea,ERI,2006,6
Eritrea,ERI,2007,12
Eritrea,ERI,2008,17
Eritrea,ERI,2009,22
Eritrea,ERI,2010,29
Eritrea,ERI,2011,35
Eritrea,ERI,2012,42
Eritrea,ERI,2013,48
Eritrea,ERI,2014,55
Eritrea,ERI,2015,60
Eritrea,ERI,2016,64
Eritrea,ERI,2017,66
Eritrea,ERI,2018,68
Eritrea,ERI,2019,69
Eritrea,ERI,2020,73
Estonia,EST,2000,6
Estonia,EST,2001,2
Estonia,EST,2002,2
Estonia,EST,2003,2
Estonia,EST,2004,3
Estonia,EST,2005,6
Estonia,EST,2006,10
Estonia,EST,2007,15
Estonia,EST,2008,20
Estonia,EST,2009,25
Estonia,EST,2010,32
Estonia,EST,2011,37
Estonia,EST,2012,42
Estonia,EST,2013,44
Estonia,EST,2014,48
Estonia,EST,2015,55
Estonia,EST,2016,59
Estonia,EST,2017,61
Estonia,EST,2018,63
Estonia,EST,2019,65
Estonia,EST,2020,66
Eswatini,SWZ,2000,0
Eswatini,SWZ,2001,1
Eswatini,SWZ,2002,2
Eswatini,SWZ,2003,2
Eswatini,SWZ,2004,4
Eswatini,SWZ,2005,7
Eswatini,SWZ,2006,11
Eswatini,SWZ,2007,15
Eswatini,SWZ,2008,20
Eswatini,SWZ,2009,25
Eswatini,SWZ,2010,35
Eswatini,SWZ,2011,39
Eswatini,SWZ,2012,43
Eswatini,SWZ,2013,49
Eswatini,SWZ,2014,59
Eswatini,SWZ,2015,69
Eswatini,SWZ,2016,78
Eswatini,SWZ,2017,87
Eswatini,SWZ,2018,89
Eswatini,SWZ,2019,96
Eswatini,SWZ,2020,98
Ethiopia,ETH,2000,0
Ethiopia,ETH,2001,0
Ethiopia,ETH,2002,0
Ethiopia,ETH,2003,0
Ethiopia,ETH,2004,1
Ethiopia,ETH,2005,3
Ethiopia,ETH,2006,7
Ethiopia,ETH,2007,14
Ethiopia,ETH,2008,20
Ethiopia,ETH,2009,27
Ethiopia,ETH,2010,34
Ethiopia,ETH,2011,41
Ethiopia,ETH,2012,45
Ethiopia,ETH,2013,49
Ethiopia,ETH,2014,56
Ethiopia,ETH,2015,60
Ethiopia,ETH,2016,66
Ethiopia,ETH,2017,69
Ethiopia,ETH,2018,71
Ethiopia,ETH,2019,75
Ethiopia,ETH,2020,78
Fiji,FJI,2000,0
Fiji,FJI,2001,0
Fiji,FJI,2002,0
Fiji,FJI,2003,0
Fiji,FJI,2004,5
Fiji,FJI,2005,8
Fiji,FJI,2006,10
Fiji,FJI,2007,11
Fiji,FJI,2008,13
Fiji,FJI,2009,15
Fiji,FJI,2010,17
Fiji,FJI,2011,18
Fiji,FJI,2012,27
Fiji,FJI,2013,25
Fiji,FJI,2014,27
Fiji,FJI,2015,25
Fiji,FJI,2016,25
Fiji,FJI,2017,29
Fiji,FJI,2018,33
Fiji,FJI,2019,38
Fiji,FJI,2020,40
Gabon,GAB,2000,0
Gabon,GAB,2001,0
Gabon,GAB,2002,1
Gabon,GAB,2003,2
Gabon,GAB,2004,5
Gabon,GAB,2005,11
Gabon,GAB,2006,12
Gabon,GAB,2007,15
Gabon,GAB,2008,18
Gabon,GAB,2009,22
Gabon,GAB,2010,24
Gabon,GAB,2011,28
Gabon,GAB,2012,32
Gabon,GAB,2013,43
Gabon,GAB,2014,46
Gabon,GAB,2015,57
Gabon,GAB,2016,64
Gabon,GAB,2017,71
Gabon,GAB,2018,76
Gabon,GAB,2019,56
Gabon,GAB,2020,52
Gambia,GMB,2000,0
Gambia,GMB,2001,0
Gambia,GMB,2002,0
Gambia,GMB,2003,0
Gambia,GMB,2004,0
Gambia,GMB,2005,2
Gambia,GMB,2006,2
Gambia,GMB,2007,3
Gambia,GMB,2008,5
Gambia,GMB,2009,5
Gambia,GMB,2010,10
Gambia,GMB,2011,15
Gambia,GMB,2012,17
Gambia,GMB,2013,17
Gambia,GMB,2014,19
Gambia,GMB,2015,21
Gambia,GMB,2016,25
Gambia,GMB,2017,27
Gambia,GMB,2018,29
Gambia,GMB,2019,31
Gambia,GMB,2020,31
Georgia,GEO,2000,0
Georgia,GEO,2001,0
Georgia,GEO,2002,0
Georgia,GEO,2003,0
Georgia,GEO,2004,7
Georgia,GEO,2005,14
Georgia,GEO,2006,19
Georgia,GEO,2007,20
Georgia,GEO,2008,23
Georgia,GEO,2009,25
Georgia,GEO,2010,27
Georgia,GEO,2011,31
Georgia,GEO,2012,41
Georgia,GEO,2013,45
Georgia,GEO,2014,49
Georgia,GEO,2015,53
Georgia,GEO,2016,58
Georgia,GEO,2017,61
Georgia,GEO,2018,63
Georgia,GEO,2019,65
Georgia,GEO,2020,65
Germany,DEU,2000,43
Germany,DEU,2001,47
Germany,DEU,2002,50
Germany,DEU,2003,52
Germany,DEU,2004,54
Germany,DEU,2005,56
Germany,DEU,2006,55
Germany,DEU,2007,57
Germany,DEU,2008,59
Germany,DEU,2009,62
Germany,DEU,2010,64
Germany,DEU,2011,67
Germany,DEU,2012,69
Germany,DEU,2013,71
Germany,DEU,2014,73
Germany,DEU,2015,75
Germany,DEU,2016,77
Germany,DEU,2017,80
Germany,DEU,2018,81
Germany,DEU,2019,85
Germany,DEU,2020,86
Ghana,GHA,2000,0
Ghana,GHA,2001,0
Ghana,GHA,2002,0
Ghana,GHA,2003,0
Ghana,GHA,2004,1
Ghana,GHA,2005,1
Ghana,GHA,2006,2
Ghana,GHA,2007,4
Ghana,GHA,2008,7
Ghana,GHA,2009,10
Ghana,GHA,2010,13
Ghana,GHA,2011,19
Ghana,GHA,2012,22
Ghana,GHA,2013,24
Ghana,GHA,2014,26
Ghana,GHA,2015,25
Ghana,GHA,2016,28
Ghana,GHA,2017,31
Ghana,GHA,2018,33
Ghana,GHA,2019,45
Ghana,GHA,2020,60
Greece,GRC,2000,46
Greece,GRC,2001,46
Greece,GRC,2002,46
Greece,GRC,2003,46
Greece,GRC,2004,45
Greece,GRC,2005,46
Greece,GRC,2006,45
Greece,GRC,2007,45
Greece,GRC,2008,44
Greece,GRC,2009,43
Greece,GRC,2010,42
Greece,GRC,2011,43
Greece,GRC,2012,44
Greece,GRC,2013,48
Greece,GRC,2014,51
Greece,GRC,2015,55
Greece,GRC,2016,60
Greece,GRC,2017,62
Greece,GRC,2018,66
Greece,GRC,2019,67
Greece,GRC,2020,67
Guatemala,GTM,2000,0
Guatemala,GTM,2001,0
Guatemala,GTM,2002,0
Guatemala,GTM,2003,11
Guatemala,GTM,2004,10
Guatemala,GTM,2005,11
Guatemala,GTM,2006,16
Guatemala,GTM,2007,24
Guatemala,GTM,2008,30
Guatemala,GTM,2009,32
Guatemala,GTM,2010,35
Guatemala,GTM,2011,39
Guatemala,GTM,2012,44
Guatemala,GTM,2013,47
Guatemala,GTM,2014,49
Guatemala,GTM,2015,47
Guatemala,GTM,2016,48
Guatemala,GTM,2017,53
Guatemala,GTM,2018,59
Guatemala,GTM,2019,63
Guatemala,GTM,2020,64
Guinea,GIN,2000,0
Guinea,GIN,2001,0
Guinea,GIN,2002,0
Guinea,GIN,2003,1
Guinea,GIN,2004,1
Guinea,GIN,2005,2
Guinea,GIN,2006,6
Guinea,GIN,2007,6
Guinea,GIN,2008,11
Guinea,GIN,2009,17
Guinea,GIN,2010,22
Guinea,GIN,2011,24
Guinea,GIN,2012,29
Guinea,GIN,2013,29
Guinea,GIN,2014,32
Guinea,GIN,2015,34
Guinea,GIN,2016,35
Guinea,GIN,2017,38
Guinea,GIN,2018,44
Guinea,GIN,2019,53
Guinea,GIN,2020,49
Guinea-Bissau,GNB,2000,0
Guinea-Bissau,GNB,2001,0
Guinea-Bissau,GNB,2002,0
Guinea-Bissau,GNB,2003,0
Guinea-Bissau,GNB,2004,0
Guinea-Bissau,GNB,2005,0
Guinea-Bissau,GNB,2006,1
Guinea-Bissau,GNB,2007,3
Guinea-Bissau,GNB,2008,6
Guinea-Bissau,GNB,2009,8
Guinea-Bissau,GNB,2010,11
Guinea-Bissau,GNB,2011,14
Guinea-Bissau,GNB,2012,17
Guinea-Bissau,GNB,2013,18
Guinea-Bissau,GNB,2014,22
Guinea-Bissau,GNB,2015,25
Guinea-Bissau,GNB,2016,31
Guinea-Bissau,GNB,2017,32
Guinea-Bissau,GNB,2018,40
Guinea-Bissau,GNB,2019,45
Guinea-Bissau,GNB,2020,59
Guyana,GUY,2000,0
Guyana,GUY,2001,0
Guyana,GUY,2002,0
Guyana,GUY,2003,3
Guyana,GUY,2004,11
Guyana,GUY,2005,23
Guyana,GUY,2006,28
Guyana,GUY,2007,32
Guyana,GUY,2008,39
Guyana,GUY,2009,42
Guyana,GUY,2010,43
Guyana,GUY,2011,47
Guyana,GUY,2012,49
Guyana,GUY,2013,52
Guyana,GUY,2014,53
Guyana,GUY,2015,55
Guyana,GUY,2016,58
Guyana,GUY,2017,61
Guyana,GUY,2018,64
Guyana,GUY,2019,67
Guyana,GUY,2020,66
Haiti,HTI,2000,0
Haiti,HTI,2001,0
Haiti,HTI,2002,1
Haiti,HTI,2003,1
Haiti,HTI,2004,1
Haiti,HTI,2005,3
Haiti,HTI,2006,7
Haiti,HTI,2007,10
Haiti,HTI,2008,15
Haiti,HTI,2009,19
Haiti,HTI,2010,21
Haiti,HTI,2011,25
Haiti,HTI,2012,31
Haiti,HTI,2013,39
Haiti,HTI,2014,43
Haiti,HTI,2015,47
Haiti,HTI,2016,57
Haiti,HTI,2017,64
Haiti,HTI,2018,61
Haiti,HTI,2019,73
Haiti,HTI,2020,80
Honduras,HND,2000,0
Honduras,HND,2001,0
Honduras,HND,2002,1
Honduras,HND,2003,6
Honduras,HND,2004,9
Honduras,HND,2005,13
Honduras,HND,2006,17
Honduras,HND,2007,21
Honduras,HND,2008,24
Honduras,HND,2009,28
Honduras,HND,2010,31
Honduras,HND,2011,34
Honduras,HND,2012,37
Honduras,HND,2013,40
Honduras,HND,2014,43
Honduras,HND,2015,45
Honduras,HND,2016,48
Honduras,HND,2017,51
Honduras,HND,2018,52
Honduras,HND,2019,53
Honduras,HND,2020,54
Iceland,ISL,2000,33
Iceland,ISL,2001,39
Iceland,ISL,2002,44
Iceland,ISL,2003,47
Iceland,ISL,2004,51
Iceland,ISL,2005,54
Iceland,ISL,2006,56
Iceland,ISL,2007,58
Iceland,ISL,2008,59
Iceland,ISL,2009,61
Iceland,ISL,2010,62
Iceland,ISL,2011,64
Iceland,ISL,2012,65
Iceland,ISL,2013,66
Iceland,ISL,2014,68
Iceland,ISL,2015,69
Iceland,ISL,2016,71
Iceland,ISL,2017,77
Iceland,ISL,2018,83
Iceland,ISL,2019,85
Iceland,ISL,2020,88
India,IND,2000,0
India,IND,2001,0
India,IND,2002,0
India,IND,2003,0
India,IND,2004,0
India,IND,2005,1
India,IND,2006,2
India,IND,2007,4
India,IND,2008,8
India,IND,2009,11
India,IND,2010,15
India,IND,2011,19
India,IND,2012,24
India,IND,2013,31
India,IND,2014,34
India,IND,2015,38
India,IND,2016,44
India,IND,2017,51
India,IND,2018,55
India,IND,2019,63
India,IND,2020,64
Indonesia,IDN,2000,0
Indonesia,IDN,2001,0
Indonesia,IDN,2002,0
Indonesia,IDN,2003,0
Indonesia,IDN,2004,0
Indonesia,IDN,2005,0
Indonesia,IDN,2006,2
Indonesia,IDN,2007,3
Indonesia,IDN,2008,3
Indonesia,IDN,2009,4
Indonesia,IDN,2010,5
Indonesia,IDN,2011,6
Indonesia,IDN,2012,7
Indonesia,IDN,2013,8
Indonesia,IDN,2014,10
Indonesia,IDN,2015,12
Indonesia,IDN,2016,15
Indonesia,IDN,2017,17
Indonesia,IDN,2018,20
Indonesia,IDN,2019,24
Indonesia,IDN,2020,26
Iran,IRN,2000,0
Iran,IRN,2001,0
Iran,IRN,2002,0
Iran,IRN,2003,0
Iran,IRN,2004,0
Iran,IRN,2005,0
Iran,IRN,2006,1
Iran,IRN,2007,1
Iran,IRN,2008,1
Iran,IRN,2009,2
Iran,IRN,2010,2
Iran,IRN,2011,3
Iran,IRN,2012,5
Iran,IRN,2013,6
Iran,IRN,2014,9
Iran,IRN,2015,11
Iran,IRN,2016,15
Iran,IRN,2017,20
Iran,IRN,2018,24
Iran,IRN,2019,27
Iran,IRN,2020,29
Ireland,IRL,2000,46
Ireland,IRL,2001,51
Ireland,IRL,2002,55
Ireland,IRL,2003,58
Ireland,IRL,2004,60
Ireland,IRL,2005,62
Ireland,IRL,2006,62
Ireland,IRL,2007,63
Ireland,IRL,2008,63
Ireland,IRL,2009,63
Ireland,IRL,2010,63
Ireland,IRL,2011,65
Ireland,IRL,2012,68
Ireland,IRL,2013,70
Ireland,IRL,2014,73
Ireland,IRL,2015,74
Ireland,IRL,2016,76
Ireland,IRL,2017,77
Ireland,IRL,2018,80
Ireland,IRL,2019,84
Ireland,IRL,2020,85
Italy,ITA,2000,31
Italy,ITA,2001,36
Italy,ITA,2002,41
Italy,ITA,2003,45
Italy,ITA,2004,48
Italy,ITA,2005,52
Italy,ITA,2006,55
Italy,ITA,2007,58
Italy,ITA,2008,60
Italy,ITA,2009,63
Italy,ITA,2010,65
Italy,ITA,2011,68
Italy,ITA,2012,70
Italy,ITA,2013,72
Italy,ITA,2014,74
Italy,ITA,2015,75
Italy,ITA,2016,77
Italy,ITA,2017,82
Italy,ITA,2018,87
Italy,ITA,2019,87
Italy,ITA,2020,91
Jamaica,JAM,2000,0
Jamaica,JAM,2001,0
Jamaica,JAM,2002,0
Jamaica,JAM,2003,0
Jamaica,JAM,2004,1
Jamaica,JAM,2005,6
Jamaica,JAM,2006,8
Jamaica,JAM,2007,12
Jamaica,JAM,2008,14
Jamaica,JAM,2009,19
Jamaica,JAM,2010,21
Jamaica,JAM,2011,24
Jamaica,JAM,2012,26
Jamaica,JAM,2013,30
Jamaica,JAM,2014,32
Jamaica,JAM,2015,33
Jamaica,JAM,2016,36
Jamaica,JAM,2017,38
Jamaica,JAM,2018,40
Jamaica,JAM,2019,44
Jamaica,JAM,2020,40
Jordan,JOR,2000,11
Jordan,JOR,2001,12
Jordan,JOR,2002,12
Jordan,JOR,2003,12
Jordan,JOR,2004,12
Jordan,JOR,2005,16
Jordan,JOR,2006,18
Jordan,JOR,2007,20
Jordan,JOR,2008,20
Jordan,JOR,2009,22
Jordan,JOR,2010,24
Jordan,JOR,2011,24
Jordan,JOR,2012,25
Jordan,JOR,2013,25
Jordan,JOR,2014,26
Jordan,JOR,2015,27
Jordan,JOR,2016,30
Jordan,JOR,2017,32
Jordan,JOR,2018,35
Jordan,JOR,2019,37
Jordan,JOR,2020,37
Kazakhstan,KAZ,2000,0
Kazakhstan,KAZ,2001,0
Kazakhstan,KAZ,2002,0
Kazakhstan,KAZ,2003,0
Kazakhstan,KAZ,2004,0
Kazakhstan,KAZ,2005,2
Kazakhstan,KAZ,2006,3
Kazakhstan,KAZ,2007,4
Kazakhstan,KAZ,2008,5
Kazakhstan,KAZ,2009,7
Kazakhstan,KAZ,2010,8
Kazakhstan,KAZ,2011,11
Kazakhstan,KAZ,2012,16
Kazakhstan,KAZ,2013,20
Kazakhstan,KAZ,2014,24
Kazakhstan,KAZ,2015,29
Kazakhstan,KAZ,2016,33
Kazakhstan,KAZ,2017,42
Kazakhstan,KAZ,2018,51
Kazakhstan,KAZ,2019,55
Kazakhstan,KAZ,2020,57
Kenya,KEN,2000,0
Kenya,KEN,2001,0
Kenya,KEN,2002,0
Kenya,KEN,2003,0
Kenya,KEN,2004,2
Kenya,KEN,2005,4
Kenya,KEN,2006,9
Kenya,KEN,2007,13
Kenya,KEN,2008,18
Kenya,KEN,2009,25
Kenya,KEN,2010,31
Kenya,KEN,2011,39
Kenya,KEN,2012,43
Kenya,KEN,2013,47
Kenya,KEN,2014,54
Kenya,KEN,2015,63
Kenya,KEN,2016,72
Kenya,KEN,2017,78
Kenya,KEN,2018,77
Kenya,KEN,2019,81
Kenya,KEN,2020,86
Kyrgyzstan,KGZ,2000,0
Kyrgyzstan,KGZ,2001,0
Kyrgyzstan,KGZ,2002,0
Kyrgyzstan,KGZ,2003,0
Kyrgyzstan,KGZ,2004,0
Kyrgyzstan,KGZ,2005,3
Kyrgyzstan,KGZ,2006,3
Kyrgyzstan,KGZ,2007,3
Kyrgyzstan,KGZ,2008,5
Kyrgyzstan,KGZ,2009,8
Kyrgyzstan,KGZ,2010,9
Kyrgyzstan,KGZ,2011,11
Kyrgyzstan,KGZ,2012,14
Kyrgyzstan,KGZ,2013,21
Kyrgyzstan,KGZ,2014,28
Kyrgyzstan,KGZ,2015,32
Kyrgyzstan,KGZ,2016,38
Kyrgyzstan,KGZ,2017,42
Kyrgyzstan,KGZ,2018,46
Kyrgyzstan,KGZ,2019,47
Kyrgyzstan,KGZ,2020,48
Laos,LAO,2000,0
Laos,LAO,2001,0
Laos,LAO,2002,1
Laos,LAO,2003,1
Laos,LAO,2004,4
Laos,LAO,2005,6
Laos,LAO,2006,9
Laos,LAO,2007,11
Laos,LAO,2008,15
Laos,LAO,2009,18
Laos,LAO,2010,19
Laos,LAO,2011,20
Laos,LAO,2012,23
Laos,LAO,2013,25
Laos,LAO,2014,28
Laos,LAO,2015,31
Laos,LAO,2016,36
Laos,LAO,2017,42
Laos,LAO,2018,46
Laos,LAO,2019,50
Laos,LAO,2020,54
Latin America and Caribbean,,2000,10
Latin America and Caribbean,,2001,13
Latin America and Caribbean,,2002,15
Latin America and Caribbean,,2003,18
Latin America and Caribbean,,2004,20
Latin America and Caribbean,,2005,23
Latin America and Caribbean,,2006,27
Latin America and Caribbean,,2007,29
Latin America and Caribbean,,2008,32
Latin America and Caribbean,,2009,35
Latin America and Caribbean,,2010,38
Latin America and Caribbean,,2011,41
Latin America and Caribbean,,2012,44
Latin America and Caribbean,,2013,46
Latin America and Caribbean,,2014,48
Latin America and Caribbean,,2015,52
Latin America and Caribbean,,2016,55
Latin America and Caribbean,,2017,57
Latin America and Caribbean,,2018,59
Latin America and Caribbean,,2019,62
Latin America and Caribbean,,2020,66
Lebanon,LBN,2000,3
Lebanon,LBN,2001,6
Lebanon,LBN,2002,9
Lebanon,LBN,2003,12
Lebanon,LBN,2004,16
Lebanon,LBN,2005,17
Lebanon,LBN,2006,19
Lebanon,LBN,2007,22
Lebanon,LBN,2008,25
Lebanon,LBN,2009,28
Lebanon,LBN,2010,31
Lebanon,LBN,2011,34
Lebanon,LBN,2012,36
Lebanon,LBN,2013,38
Lebanon,LBN,2014,41
Lebanon,LBN,2015,43
Lebanon,LBN,2016,48
Lebanon,LBN,2017,53
Lebanon,LBN,2018,58
Lebanon,LBN,2019,65
Lebanon,LBN,2020,68
Lesotho,LSO,2000,0
Lesotho,LSO,2001,0
Lesotho,LSO,2002,0
Lesotho,LSO,2003,0
Lesotho,LSO,2004,1
Lesotho,LSO,2005,3
Lesotho,LSO,2006,7
Lesotho,LSO,2007,15
Lesotho,LSO,2008,21
Lesotho,LSO,2009,28
Lesotho,LSO,2010,34
Lesotho,LSO,2011,35
Lesotho,LSO,2012,38
Lesotho,LSO,2013,42
Lesotho,LSO,2014,45
Lesotho,LSO,2015,52
Lesotho,LSO,2016,62
Lesotho,LSO,2017,69
Lesotho,LSO,2018,71
Lesotho,LSO,2019,77
Lesotho,LSO,2020,82
Liberia,LBR,2000,0
Liberia,LBR,2001,0
Liberia,LBR,2002,0
Liberia,LBR,2003,0
Liberia,LBR,2004,0
Liberia,LBR,2005,0
Liberia,LBR,2006,2
Liberia,LBR,2007,4
Liberia,LBR,2008,5
Liberia,LBR,2009,7
Liberia,LBR,2010,11
Liberia,LBR,2011,15
Liberia,LBR,2012,14
Liberia,LBR,2013,17
Liberia,LBR,2014,18
Liberia,LBR,2015,20
Liberia,LBR,2016,22
Liberia,LBR,2017,32
Liberia,LBR,2018,39
Liberia,LBR,2019,44
Liberia,LBR,2020,53
Libya,LBY,2000,13
Libya,LBY,2001,13
Libya,LBY,2002,14
Libya,LBY,2003,11
Libya,LBY,2004,14
Libya,LBY,2005,15
Libya,LBY,2006,16
Libya,LBY,2007,18
Libya,LBY,2008,22
Libya,LBY,2009,27
Libya,LBY,2010,31
Libya,LBY,2011,34
Libya,LBY,2012,38
Libya,LBY,2013,42
Libya,LBY,2014,47
Libya,LBY,2015,54
Libya,LBY,2016,57
Libya,LBY,2017,59
Libya,LBY,2018,66
Libya,LBY,2019,54
Libya,LBY,2020,49
Low and middle income,,2005,5
Low and middle income,,2006,7
Low and middle income,,2007,11
Low and middle income,,2008,15
Low and middle income,,2009,19
Low and middle income,,2010,23
Low and middle income,,2011,28
Low and middle income,,2012,34
Low and middle income,,2013,39
Low and middle income,,2014,44
Low and middle income,,2015,49
Low and middle income,,2016,54
Low and middle income,,2017,59
Low and middle income,,2018,63
Low and middle income,,2019,68
Low and middle income,,2020,73
Low income,,2000,0
Low income,,2001,0
Low income,,2002,0
Low income,,2003,0
Low income,,2004,2
Low income,,2005,4
Low income,,2006,6
Low income,,2007,9
Low income,,2008,13
Low income,,2009,16
Low income,,2010,20
Low income,,2011,24
Low income,,2012,29
Low income,,2013,35
Low income,,2014,42
Low income,,2015,47
Low income,,2016,53
Low income,,2017,60
Low income,,2018,64
Low income,,2019,71
Low income,,2020,74
Lower middle income,,2000,0
Lower middle income,,2001,0
Lower middle income,,2002,0
Lower middle income,,2003,0
Lower middle income,,2004,1
Lower middle income,,2005,3
Lower middle income,,2006,6
Lower middle income,,2007,9
Lower middle income,,2008,13
Lower middle income,,2009,17
Lower middle income,,2010,22
Lower middle income,,2011,26
Lower middle income,,2012,31
Lower middle income,,2013,36
Lower middle income,,2014,42
Lower middle income,,2015,47
Lower middle income,,2016,52
Lower middle income,,2017,58
Lower middle income,,2018,60
Lower middle income,,2019,67
Lower middle income,,2020,73
Madagascar,MDG,2000,0
Madagascar,MDG,2001,0
Madagascar,MDG,2002,0
Madagascar,MDG,2003,0
Madagascar,MDG,2004,1
Madagascar,MDG,2005,1
Madagascar,MDG,2006,2
Madagascar,MDG,2007,2
Madagascar,MDG,2008,2
Madagascar,MDG,2009,2
Madagascar,MDG,2010,2
Madagascar,MDG,2011,3
Madagascar,MDG,2012,2
Madagascar,MDG,2013,3
Madagascar,MDG,2014,4
Madagascar,MDG,2015,5
Madagascar,MDG,2016,6
Madagascar,MDG,2017,7
Madagascar,MDG,2018,10
Madagascar,MDG,2019,13
Madagascar,MDG,2020,14
Malawi,MWI,2000,0
Malawi,MWI,2001,0
Malawi,MWI,2002,0
Malawi,MWI,2003,0
Malawi,MWI,2004,1
Malawi,MWI,2005,3
Malawi,MWI,2006,6
Malawi,MWI,2007,11
Malawi,MWI,2008,17
Malawi,MWI,2009,22
Malawi,MWI,2010,27
Malawi,MWI,2011,35
Malawi,MWI,2012,43
Malawi,MWI,2013,50
Malawi,MWI,2014,56
Malawi,MWI,2015,61
Malawi,MWI,2016,69
Malawi,MWI,2017,76
Malawi,MWI,2018,82
Malawi,MWI,2019,84
Malawi,MWI,2020,86
Malaysia,MYS,2000,0
Malaysia,MYS,2001,2
Malaysia,MYS,2002,4
Malaysia,MYS,2003,6
Malaysia,MYS,2004,8
Malaysia,MYS,2005,10
Malaysia,MYS,2006,11
Malaysia,MYS,2007,13
Malaysia,MYS,2008,15
Malaysia,MYS,2009,16
Malaysia,MYS,2010,18
Malaysia,MYS,2011,20
Malaysia,MYS,2012,20
Malaysia,MYS,2013,23
Malaysia,MYS,2014,28
Malaysia,MYS,2015,33
Malaysia,MYS,2016,45
Malaysia,MYS,2017,47
Malaysia,MYS,2018,49
Malaysia,MYS,2019,50
Malaysia,MYS,2020,51
Mali,MLI,2000,0
Mali,MLI,2001,0
Mali,MLI,2002,0
Mali,MLI,2003,1
Mali,MLI,2004,3
Mali,MLI,2005,3
Mali,MLI,2006,7
Mali,MLI,2007,11
Mali,MLI,2008,15
Mali,MLI,2009,18
Mali,MLI,2010,21
Mali,MLI,2011,25
Mali,MLI,2012,25
Mali,MLI,2013,25
Mali,MLI,2014,28
Mali,MLI,2015,31
Mali,MLI,2016,34
Mali,MLI,2017,38
Mali,MLI,2018,42
Mali,MLI,2019,48
Mali,MLI,2020,52
Mauritania,MRT,2000,0
Mauritania,MRT,2001,0
Mauritania,MRT,2002,0
Mauritania,MRT,2003,0
Mauritania,MRT,2004,1
Mauritania,MRT,2005,3
Mauritania,MRT,2006,6
Mauritania,MRT,2007,9
Mauritania,MRT,2008,12
Mauritania,MRT,2009,15
Mauritania,MRT,2010,17
Mauritania,MRT,2011,18
Mauritania,MRT,2012,19
Mauritania,MRT,2013,23
Mauritania,MRT,2014,25
Mauritania,MRT,2015,27
Mauritania,MRT,2016,29
Mauritania,MRT,2017,35
Mauritania,MRT,2018,35
Mauritania,MRT,2019,38
Mauritania,MRT,2020,40
Mauritius,MUS,2000,0
Mauritius,MUS,2001,0
Mauritius,MUS,2002,1
Mauritius,MUS,2003,1
Mauritius,MUS,2004,1
Mauritius,MUS,2005,2
Mauritius,MUS,2006,3
Mauritius,MUS,2007,3
Mauritius,MUS,2008,4
Mauritius,MUS,2009,5
Mauritius,MUS,2010,5
Mauritius,MUS,2011,11
Mauritius,MUS,2012,12
Mauritius,MUS,2013,14
Mauritius,MUS,2014,18
Mauritius,MUS,2015,19
Mauritius,MUS,2016,18
Mauritius,MUS,2017,20
Mauritius,MUS,2018,20
Mauritius,MUS,2019,21
Mauritius,MUS,2020,21
Mexico,MEX,2000,7
Mexico,MEX,2001,9
Mexico,MEX,2002,11
Mexico,MEX,2003,14
Mexico,MEX,2004,16
Mexico,MEX,2005,17
Mexico,MEX,2006,20
Mexico,MEX,2007,23
Mexico,MEX,2008,25
Mexico,MEX,2009,27
Mexico,MEX,2010,28
Mexico,MEX,2011,30
Mexico,MEX,2012,34
Mexico,MEX,2013,34
Mexico,MEX,2014,36
Mexico,MEX,2015,41
Mexico,MEX,2016,44
Mexico,MEX,2017,46
Mexico,MEX,2018,51
Mexico,MEX,2019,52
Mexico,MEX,2020,55
Middle East and North Africa,,2000,3
Middle East and North Africa,,2001,3
Middle East and North Africa,,2002,3
Middle East and North Africa,,2003,4
Middle East and North Africa,,2004,5
Middle East and North Africa,,2005,5
Middle East and North Africa,,2006,6
Middle East and North Africa,,2007,7
Middle East and North Africa,,2008,8
Middle East and North Africa,,2009,10
Middle East and North Africa,,2010,11
Middle East and North Africa,,2011,13
Middle East and North Africa,,2012,16
Middle East and North Africa,,2013,19
Middle East and North Africa,,2014,24
Middle East and North Africa,,2015,27
Middle East and North Africa,,2016,32
Middle East and North Africa,,2017,37
Middle East and North Africa,,2018,43
Middle East and North Africa,,2019,46
Middle East and North Africa,,2020,48
Middle income,,2018,62
Middle income,,2019,67
Middle income,,2020,72
Moldova,MDA,2000,0
Moldova,MDA,2001,0
Moldova,MDA,2002,0
Moldova,MDA,2003,0
Moldova,MDA,2004,1
Moldova,MDA,2005,1
Moldova,MDA,2006,2
Moldova,MDA,2007,4
Moldova,MDA,2008,6
Moldova,MDA,2009,8
Moldova,MDA,2010,9
Moldova,MDA,2011,12
Moldova,MDA,2012,15
Moldova,MDA,2013,18
Moldova,MDA,2014,22
Moldova,MDA,2015,27
Moldova,MDA,2016,31
Moldova,MDA,2017,36
Moldova,MDA,2018,41
Moldova,MDA,2019,46
Moldova,MDA,2020,47
Mongolia,MNG,2000,0
Mongolia,MNG,2001,0
Mongolia,MNG,2002,0
Mongolia,MNG,2003,1
Mongolia,MNG,2004,1
Mongolia,MNG,2005,0
Mongolia,MNG,2006,1
Mongolia,MNG,2007,1
Mongolia,MNG,2008,2
Mongolia,MNG,2009,3
Mongolia,MNG,2010,7
Mongolia,MNG,2011,9
Mongolia,MNG,2012,12
Mongolia,MNG,2013,20
Mongolia,MNG,2014,25
Mongolia,MNG,2015,27
Mongolia,MNG,2016,28
Mongolia,MNG,2017,31
Mongolia,MNG,2018,32
Mongolia,MNG,2019,32
Mongolia,MNG,2020,35
Montenegro,MNE,2000,8
Montenegro,MNE,2001,11
Montenegro,MNE,2002,11
Montenegro,MNE,2003,12
Montenegro,MNE,2004,14
Montenegro,MNE,2005,18
Montenegro,MNE,2006,18
Montenegro,MNE,2007,19
Montenegro,MNE,2008,19
Montenegro,MNE,2009,20
Montenegro,MNE,2010,23
Montenegro,MNE,2011,23
Montenegro,MNE,2012,24
Montenegro,MNE,2013,27
Montenegro,MNE,2014,30
Montenegro,MNE,2015,32
Montenegro,MNE,2016,37
Montenegro,MNE,2017,42
Montenegro,MNE,2018,46
Montenegro,MNE,2019,49
Montenegro,MNE,2020,50
Morocco,MAR,2000,0
Morocco,MAR,2001,0
Morocco,MAR,2002,0
Morocco,MAR,2003,4
Morocco,MAR,2004,7
Morocco,MAR,2005,8
Morocco,MAR,2006,9
Morocco,MAR,2007,10
Morocco,MAR,2008,13
Morocco,MAR,2009,15
Morocco,MAR,2010,17
Morocco,MAR,2011,21
Morocco,MAR,2012,27
Morocco,MAR,2013,32
Morocco,MAR,2014,37
Morocco,MAR,2015,44
Morocco,MAR,2016,51
Morocco,MAR,2017,55
Morocco,MAR,2018,64
Morocco,MAR,2019,70
Morocco,MAR,2020,76
Mozambique,MOZ,2000,0
Mozambique,MOZ,2001,0
Mozambique,MOZ,2002,0
Mozambique,MOZ,2003,0
Mozambique,MOZ,2004,1
Mozambique,MOZ,2005,2
Mozambique,MOZ,2006,4
Mozambique,MOZ,2007,7
Mozambique,MOZ,2008,10
Mozambique,MOZ,2009,12
Mozambique,MOZ,2010,15
Mozambique,MOZ,2011,18
Mozambique,MOZ,2012,19
Mozambique,MOZ,2013,28
Mozambique,MOZ,2014,35
Mozambique,MOZ,2015,42
Mozambique,MOZ,2016,50
Mozambique,MOZ,2017,57
Mozambique,MOZ,2018,62
Mozambique,MOZ,2019,67
Mozambique,MOZ,2020,68
Namibia,NAM,2000,0
Namibia,NAM,2001,0
Namibia,NAM,2002,0
Namibia,NAM,2003,0
Namibia,NAM,2004,3
Namibia,NAM,2005,8
Namibia,NAM,2006,16
Namibia,NAM,2007,26
Namibia,NAM,2008,33
Namibia,NAM,2009,36
Namibia,NAM,2010,42
Namibia,NAM,2011,50
Namibia,NAM,2012,55
Namibia,NAM,2013,59
Namibia,NAM,2014,58
Namibia,NAM,2015,66
Namibia,NAM,2016,66
Namibia,NAM,2017,74
Namibia,NAM,2018,78
Namibia,NAM,2019,86
Namibia,NAM,2020,88
Nepal,NPL,2000,0
Nepal,NPL,2001,0
Nepal,NPL,2002,0
Nepal,NPL,2003,0
Nepal,NPL,2004,0
Nepal,NPL,2005,1
Nepal,NPL,2006,2
Nepal,NPL,2007,4
Nepal,NPL,2008,8
Nepal,NPL,2009,11
Nepal,NPL,2010,16
Nepal,NPL,2011,21
Nepal,NPL,2012,26
Nepal,NPL,2013,30
Nepal,NPL,2014,36
Nepal,NPL,2015,42
Nepal,NPL,2016,45
Nepal,NPL,2017,53
Nepal,NPL,2018,58
Nepal,NPL,2019,63
Nepal,NPL,2020,66
Netherlands,NLD,2000,47
Netherlands,NLD,2001,50
Netherlands,NLD,2002,52
Netherlands,NLD,2003,53
Netherlands,NLD,2004,53
Netherlands,NLD,2005,54
Netherlands,NLD,2006,54
Netherlands,NLD,2007,56
Netherlands,NLD,2008,59
Netherlands,NLD,2009,62
Netherlands,NLD,2010,65
Netherlands,NLD,2011,68
Netherlands,NLD,2012,70
Netherlands,NLD,2013,74
Netherlands,NLD,2014,77
Netherlands,NLD,2015,79
Netherlands,NLD,2016,81
Netherlands,NLD,2017,83
Netherlands,NLD,2018,85
Netherlands,NLD,2019,86
Netherlands,NLD,2020,88
New Zealand,NZL,2000,36
New Zealand,NZL,2001,39
New Zealand,NZL,2002,43
New Zealand,NZL,2003,46
New Zealand,NZL,2004,49
New Zealand,NZL,2005,50
New Zealand,NZL,2006,50
New Zealand,NZL,2007,51
New Zealand,NZL,2008,51
New Zealand,NZL,2009,53
New Zealand,NZL,2010,56
New Zealand,NZL,2011,60
New Zealand,NZL,2012,61
New Zealand,NZL,2013,62
New Zealand,NZL,2014,64
New Zealand,NZL,2015,68
New Zealand,NZL,2016,72
New Zealand,NZL,2017,76
New Zealand,NZL,2018,79
New Zealand,NZL,2019,83
New Zealand,NZL,2020,80
Nicaragua,NIC,2000,0
Nicaragua,NIC,2001,0
Nicaragua,NIC,2002,0
Nicaragua,NIC,2003,0
Nicaragua,NIC,2004,1
Nicaragua,NIC,2005,3
Nicaragua,NIC,2006,5
Nicaragua,NIC,2007,8
Nicaragua,NIC,2008,11
Nicaragua,NIC,2009,15
Nicaragua,NIC,2010,18
Nicaragua,NIC,2011,23
Nicaragua,NIC,2012,27
Nicaragua,NIC,2013,29
Nicaragua,NIC,2014,33
Nicaragua,NIC,2015,36
Nicaragua,NIC,2016,39
Nicaragua,NIC,2017,42
Nicaragua,NIC,2018,48
Nicaragua,NIC,2019,51
Nicaragua,NIC,2020,50
Niger,NER,2000,0
Niger,NER,2001,0
Niger,NER,2002,0
Niger,NER,2003,0
Niger,NER,2004,0
Niger,NER,2005,2
Niger,NER,2006,4
Niger,NER,2007,6
Niger,NER,2008,7
Niger,NER,2009,17
Niger,NER,2010,20
Niger,NER,2011,26
Niger,NER,2012,32
Niger,NER,2013,35
Niger,NER,2014,33
Niger,NER,2015,39
Niger,NER,2016,47
Niger,NER,2017,58
Niger,NER,2018,62
Niger,NER,2019,65
Niger,NER,2020,68
Nigeria,NGA,2000,0
Nigeria,NGA,2001,0
Nigeria,NGA,2002,1
Nigeria,NGA,2003,2
Nigeria,NGA,2004,4
Nigeria,NGA,2005,6
Nigeria,NGA,2006,10
Nigeria,NGA,2007,12
Nigeria,NGA,2008,17
Nigeria,NGA,2009,22
Nigeria,NGA,2010,24
Nigeria,NGA,2011,28
Nigeria,NGA,2012,35
Nigeria,NGA,2013,41
Nigeria,NGA,2014,46
Nigeria,NGA,2015,50
Nigeria,NGA,2016,55
Nigeria,NGA,2017,58
Nigeria,NGA,2018,60
Nigeria,NGA,2019,67
Nigeria,NGA,2020,86
Norway,NOR,2000,40
Norway,NOR,2001,48
Norway,NOR,2002,55
Norway,NOR,2003,60
Norway,NOR,2004,64
Norway,NOR,2005,67
Norway,NOR,2006,70
Norway,NOR,2007,72
Norway,NOR,2008,72
Norway,NOR,2009,71
Norway,NOR,2010,71
Norway,NOR,2011,71
Norway,NOR,2012,71
Norway,NOR,2013,71
Norway,NOR,2014,72
Norway,NOR,2015,73
Norway,NOR,2016,74
Norway,NOR,2017,75
Norway,NOR,2018,76
Norway,NOR,2019,78
Norway,NOR,2020,80
Pakistan,PAK,2000,0
Pakistan,PAK,2001,1
Pakistan,PAK,2002,3
Pakistan,PAK,2003,4
Pakistan,PAK,2004,5
Pakistan,PAK,2005,1
Pakistan,PAK,2006,1
Pakistan,PAK,2007,2
Pakistan,PAK,2008,2
Pakistan,PAK,2009,2
Pakistan,PAK,2010,3
Pakistan,PAK,2011,3
Pakistan,PAK,2012,3
Pakistan,PAK,2013,3
Pakistan,PAK,2014,4
Pakistan,PAK,2015,5
Pakistan,PAK,2016,6
Pakistan,PAK,2017,8
Pakistan,PAK,2018,9
Pakistan,PAK,2019,12
Pakistan,PAK,2020,12
Panama,PAN,2000,7
Panama,PAN,2001,10
Panama,PAN,2002,12
Panama,PAN,2003,14
Panama,PAN,2004,15
Panama,PAN,2005,17
Panama,PAN,2006,19
Panama,PAN,2007,21
Panama,PAN,2008,22
Panama,PAN,2009,28
Panama,PAN,2010,29
Panama,PAN,2011,31
Panama,PAN,2012,32
Panama,PAN,2013,36
Panama,PAN,2014,37
Panama,PAN,2015,39
Panama,PAN,2016,44
Panama,PAN,2017,48
Panama,PAN,2018,49
Panama,PAN,2019,53
Panama,PAN,2020,51
Papua New Guinea,PNG,2000,0
Papua New Guinea,PNG,2001,0
Papua New Guinea,PNG,2002,0
Papua New Guinea,PNG,2003,0
Papua New Guinea,PNG,2004,0
Papua New Guinea,PNG,2005,1
Papua New Guinea,PNG,2006,5
Papua New Guinea,PNG,2007,13
Papua New Guinea,PNG,2008,17
Papua New Guinea,PNG,2009,20
Papua New Guinea,PNG,2010,23
Papua New Guinea,PNG,2011,28
Papua New Guinea,PNG,2012,33
Papua New Guinea,PNG,2013,39
Papua New Guinea,PNG,2014,46
Papua New Guinea,PNG,2015,50
Papua New Guinea,PNG,2016,54
Papua New Guinea,PNG,2017,56
Papua New Guinea,PNG,2018,59
Papua New Guinea,PNG,2019,61
Papua New Guinea,PNG,2020,65
Paraguay,PRY,2000,0
Paraguay,PRY,2001,0
Paraguay,PRY,2002,0
Paraguay,PRY,2003,0
Paraguay,PRY,2004,0
Paraguay,PRY,2005,3
Paraguay,PRY,2006,5
Paraguay,PRY,2007,7
Paraguay,PRY,2008,11
Paraguay,PRY,2009,14
Paraguay,PRY,2010,19
Paraguay,PRY,2011,20
Paraguay,PRY,2012,22
Paraguay,PRY,2013,26
Paraguay,PRY,2014,30
Paraguay,PRY,2015,33
Paraguay,PRY,2016,38
Paraguay,PRY,2017,45
Paraguay,PRY,2018,48
Paraguay,PRY,2019,52
Paraguay,PRY,2020,53
Peru,PER,2000,0
Peru,PER,2001,0
Peru,PER,2002,2
Peru,PER,2003,4
Peru,PER,2004,2
Peru,PER,2005,6
Peru,PER,2006,10
Peru,PER,2007,15
Peru,PER,2008,18
Peru,PER,2009,26
Peru,PER,2010,34
Peru,PER,2011,36
Peru,PER,2012,44
Peru,PER,2013,44
Peru,PER,2014,50
Peru,PER,2015,53
Peru,PER,2016,59
Peru,PER,2017,63
Peru,PER,2018,70
Peru,PER,2019,77
Peru,PER,2020,79
Philippines,PHL,2000,0
Philippines,PHL,2001,0
Philippines,PHL,2002,0
Philippines,PHL,2003,0
Philippines,PHL,2004,1
Philippines,PHL,2005,1
Philippines,PHL,2006,4
Philippines,PHL,2007,5
Philippines,PHL,2008,7
Philippines,PHL,2009,7
Philippines,PHL,2010,8
Philippines,PHL,2011,12
Philippines,PHL,2012,13
Philippines,PHL,2013,15
Philippines,PHL,2014,20
Philippines,PHL,2015,24
Philippines,PHL,2016,29
Philippines,PHL,2017,34
Philippines,PHL,2018,39
Philippines,PHL,2019,43
Philippines,PHL,2020,42
Portugal,PRT,2000,17
Portugal,PRT,2001,22
Portugal,PRT,2002,26
Portugal,PRT,2003,30
Portugal,PRT,2004,34
Portugal,PRT,2005,37
Portugal,PRT,2006,40
Portugal,PRT,2007,43
Portugal,PRT,2008,46
Portugal,PRT,2009,48
Portugal,PRT,2010,53
Portugal,PRT,2011,57
Portugal,PRT,2012,62
Portugal,PRT,2013,66
Portugal,PRT,2014,71
Portugal,PRT,2015,74
Portugal,PRT,2016,77
Portugal,PRT,2017,87
Portugal,PRT,2018,90
Portugal,PRT,2019,85
Portugal,PRT,2020,87
Qatar,QAT,2000,0
Qatar,QAT,2001,0
Qatar,QAT,2002,0
Qatar,QAT,2003,0
Qatar,QAT,2004,0
Qatar,QAT,2005,0
Qatar,QAT,2006,0
Qatar,QAT,2007,0
Qatar,QAT,2008,0
Qatar,QAT,2009,0
Qatar,QAT,2010,0
Qatar,QAT,2011,0
Qatar,QAT,2012,0
Qatar,QAT,2013,0
Qatar,QAT,2014,0
Qatar,QAT,2015,26
Qatar,QAT,2016,48
Qatar,QAT,2017,67
Qatar,QAT,2018,80
Qatar,QAT,2019,87
Qatar,QAT,2020,90
Romania,ROU,2000,48
Romania,ROU,2001,53
Romania,ROU,2002,58
Romania,ROU,2003,55
Romania,ROU,2004,53
Romania,ROU,2005,51
Romania,ROU,2006,49
Romania,ROU,2007,48
Romania,ROU,2008,48
Romania,ROU,2009,48
Romania,ROU,2010,49
Romania,ROU,2011,49
Romania,ROU,2012,49
Romania,ROU,2013,54
Romania,ROU,2014,57
Romania,ROU,2015,61
Romania,ROU,2016,62
Romania,ROU,2017,64
Romania,ROU,2018,65
Romania,ROU,2019,67
Romania,ROU,2020,66
Rwanda,RWA,2000,0
Rwanda,RWA,2001,0
Rwanda,RWA,2002,0
Rwanda,RWA,2003,0
Rwanda,RWA,2004,3
Rwanda,RWA,2005,9
Rwanda,RWA,2006,16
Rwanda,RWA,2007,22
Rwanda,RWA,2008,30
Rwanda,RWA,2009,37
Rwanda,RWA,2010,42
Rwanda,RWA,2011,47
Rwanda,RWA,2012,54
Rwanda,RWA,2013,60
Rwanda,RWA,2014,66
Rwanda,RWA,2015,73
Rwanda,RWA,2016,81
Rwanda,RWA,2017,84
Rwanda,RWA,2018,87
Rwanda,RWA,2019,89
Rwanda,RWA,2020,92
Saudi Arabia,SAU,2000,73
Saudi Arabia,SAU,2001,74
Saudi Arabia,SAU,2002,74
Saudi Arabia,SAU,2003,73
Saudi Arabia,SAU,2004,71
Saudi Arabia,SAU,2005,71
Saudi Arabia,SAU,2006,71
Saudi Arabia,SAU,2007,71
Saudi Arabia,SAU,2008,71
Saudi Arabia,SAU,2009,70
Saudi Arabia,SAU,2010,69
Saudi Arabia,SAU,2011,67
Saudi Arabia,SAU,2012,65
Saudi Arabia,SAU,2013,63
Saudi Arabia,SAU,2014,61
Saudi Arabia,SAU,2015,58
Saudi Arabia,SAU,2016,60
Saudi Arabia,SAU,2017,63
Saudi Arabia,SAU,2018,64
Saudi Arabia,SAU,2019,67
Saudi Arabia,SAU,2020,62
Senegal,SEN,2000,0
Senegal,SEN,2001,0
Senegal,SEN,2002,0
Senegal,SEN,2003,0
Senegal,SEN,2004,0
Senegal,SEN,2005,0
Senegal,SEN,2006,0
Senegal,SEN,2007,16
Senegal,SEN,2008,19
Senegal,SEN,2009,22
Senegal,SEN,2010,25
Senegal,SEN,2011,28
Senegal,SEN,2012,26
Senegal,SEN,2013,31
Senegal,SEN,2014,38
Senegal,SEN,2015,44
Senegal,SEN,2016,51
Senegal,SEN,2017,57
Senegal,SEN,2018,67
Senegal,SEN,2019,73
Senegal,SEN,2020,77
Serbia,SRB,2000,0
Serbia,SRB,2001,0
Serbia,SRB,2002,0
Serbia,SRB,2003,38
Serbia,SRB,2004,47
Serbia,SRB,2005,55
Serbia,SRB,2006,53
Serbia,SRB,2007,52
Serbia,SRB,2008,52
Serbia,SRB,2009,51
Serbia,SRB,2010,52
Serbia,SRB,2011,52
Serbia,SRB,2012,52
Serbia,SRB,2013,52
Serbia,SRB,2014,53
Serbia,SRB,2015,55
Serbia,SRB,2016,58
Serbia,SRB,2017,61
Serbia,SRB,2018,65
Serbia,SRB,2019,66
Serbia,SRB,2020,65
Sierra Leone,SLE,2000,0
Sierra Leone,SLE,2001,0
Sierra Leone,SLE,2002,0
Sierra Leone,SLE,2003,0
Sierra Leone,SLE,2004,0
Sierra Leone,SLE,2005,1
Sierra Leone,SLE,2006,1
Sierra Leone,SLE,2007,2
Sierra Leone,SLE,2008,3
Sierra Leone,SLE,2009,6
Sierra Leone,SLE,2010,9
Sierra Leone,SLE,2011,12
Sierra Leone,SLE,2012,12
Sierra Leone,SLE,2013,13
Sierra Leone,SLE,2014,15
Sierra Leone,SLE,2015,19
Sierra Leone,SLE,2016,24
Sierra Leone,SLE,2017,31
Sierra Leone,SLE,2018,37
Sierra Leone,SLE,2019,42
Sierra Leone,SLE,2020,47
Singapore,SGP,2000,3
Singapore,SGP,2001,3
Singapore,SGP,2002,4
Singapore,SGP,2003,5
Singapore,SGP,2004,5
Singapore,SGP,2005,7
Singapore,SGP,2006,11
Singapore,SGP,2007,16
Singapore,SGP,2008,22
Singapore,SGP,2009,29
Singapore,SGP,2010,33
Singapore,SGP,2011,39
Singapore,SGP,2012,44
Singapore,SGP,2013,49
Singapore,SGP,2014,56
Singapore,SGP,2015,60
Singapore,SGP,2016,64
Singapore,SGP,2017,69
Singapore,SGP,2018,71
Singapore,SGP,2019,76
Singapore,SGP,2020,75
Slovenia,SVN,2000,25
Slovenia,SVN,2001,25
Slovenia,SVN,2002,24
Slovenia,SVN,2003,24
Slovenia,SVN,2004,24
Slovenia,SVN,2005,24
Slovenia,SVN,2006,32
Slovenia,SVN,2007,31
Slovenia,SVN,2008,29
Slovenia,SVN,2009,29
Slovenia,SVN,2010,40
Slovenia,SVN,2011,41
Slovenia,SVN,2012,43
Slovenia,SVN,2013,49
Slovenia,SVN,2014,55
Slovenia,SVN,2015,60
Slovenia,SVN,2016,68
Slovenia,SVN,2017,75
Slovenia,SVN,2018,79
Slovenia,SVN,2019,81
Slovenia,SVN,2020,87
Somalia,SOM,2000,0
Somalia,SOM,2001,0
Somalia,SOM,2002,0
Somalia,SOM,2003,0
Somalia,SOM,2004,0
Somalia,SOM,2005,0
Somalia,SOM,2006,1
Somalia,SOM,2007,1
Somalia,SOM,2008,3
Somalia,SOM,2009,4
Somalia,SOM,2010,6
Somalia,SOM,2011,9
Somalia,SOM,2012,10
Somalia,SOM,2013,14
Somalia,SOM,2014,17
Somalia,SOM,2015,22
Somalia,SOM,2016,26
Somalia,SOM,2017,31
Somalia,SOM,2018,35
Somalia,SOM,2019,39
Somalia,SOM,2020,43
South Africa,ZAF,2000,0
South Africa,ZAF,2001,0
South Africa,ZAF,2002,1
South Africa,ZAF,2003,1
South Africa,ZAF,2004,1
South Africa,ZAF,2005,2
South Africa,ZAF,2006,4
South Africa,ZAF,2007,8
South Africa,ZAF,2008,13
South Africa,ZAF,2009,17
South Africa,ZAF,2010,23
South Africa,ZAF,2011,30
South Africa,ZAF,2012,38
South Africa,ZAF,2013,43
South Africa,ZAF,2014,48
South Africa,ZAF,2015,52
South Africa,ZAF,2016,57
South Africa,ZAF,2017,61
South Africa,ZAF,2018,65
South Africa,ZAF,2019,68
South Africa,ZAF,2020,72
South Asia,,2000,0
South Asia,,2001,0
South Asia,,2002,0
South Asia,,2003,0
South Asia,,2004,0
South Asia,,2005,1
South Asia,,2006,2
South Asia,,2007,4
South Asia,,2008,8
South Asia,,2009,11
South Asia,,2010,15
South Asia,,2011,19
South Asia,,2012,23
South Asia,,2013,30
South Asia,,2014,33
South Asia,,2015,36
South Asia,,2016,42
South Asia,,2017,48
South Asia,,2018,52
South Asia,,2019,59
South Asia,,2020,60
South Sudan,SSD,2000,0
South Sudan,SSD,2001,0
South Sudan,SSD,2002,0
South Sudan,SSD,2003,0
South Sudan,SSD,2004,0
South Sudan,SSD,2005,0
South Sudan,SSD,2006,0
South Sudan,SSD,2007,0
South Sudan,SSD,2008,0
South Sudan,SSD,2009,1
South Sudan,SSD,2010,2
South Sudan,SSD,2011,3
South Sudan,SSD,2012,3
South Sudan,SSD,2013,5
South Sudan,SSD,2014,7
South Sudan,SSD,2015,12
South Sudan,SSD,2016,12
South Sudan,SSD,2017,14
South Sudan,SSD,2018,18
South Sudan,SSD,2019,20
South Sudan,SSD,2020,23
Spain,ESP,2000,29
Spain,ESP,2001,34
Spain,ESP,2002,39
Spain,ESP,2003,43
Spain,ESP,2004,48
Spain,ESP,2005,52
Spain,ESP,2006,55
Spain,ESP,2007,59
Spain,ESP,2008,62
Spain,ESP,2009,65
Spain,ESP,2010,68
Spain,ESP,2011,69
Spain,ESP,2012,72
Spain,ESP,2013,73
Spain,ESP,2014,74
Spain,ESP,2015,76
Spain,ESP,2016,83
Spain,ESP,2017,84
Spain,ESP,2018,85
Spain,ESP,2019,85
Spain,ESP,2020,85
Sri Lanka,LKA,2000,0
Sri Lanka,LKA,2001,0
Sri Lanka,LKA,2002,0
Sri Lanka,LKA,2003,0
Sri Lanka,LKA,2004,0
Sri Lanka,LKA,2005,2
Sri Lanka,LKA,2006,2
Sri Lanka,LKA,2007,3
Sri Lanka,LKA,2008,4
Sri Lanka,LKA,2009,5
Sri Lanka,LKA,2010,7
Sri Lanka,LKA,2011,8
Sri Lanka,LKA,2012,10
Sri Lanka,LKA,2013,13
Sri Lanka,LKA,2014,17
Sri Lanka,LKA,2015,21
Sri Lanka,LKA,2016,28
Sri Lanka,LKA,2017,34
Sri Lanka,LKA,2018,42
Sri Lanka,LKA,2019,50
Sri Lanka,LKA,2020,58
Sub-Saharan Africa,,2000,0
Sub-Saharan Africa,,2001,0
Sub-Saharan Africa,,2002,0
Sub-Saharan Africa,,2003,1
Sub-Saharan Africa,,2004,2
Sub-Saharan Africa,,2005,4
Sub-Saharan Africa,,2006,6
Sub-Saharan Africa,,2007,10
Sub-Saharan Africa,,2008,14
Sub-Saharan Africa,,2009,19
Sub-Saharan Africa,,2010,24
Sub-Saharan Africa,,2011,29
Sub-Saharan Africa,,2012,35
Sub-Saharan Africa,,2013,40
Sub-Saharan Africa,,2014,46
Sub-Saharan Africa,,2015,51
Sub-Saharan Africa,,2016,56
Sub-Saharan Africa,,2017,62
Sub-Saharan Africa,,2018,65
Sub-Saharan Africa,,2019,71
Sub-Saharan Africa,,2020,76
Sudan,SDN,2000,0
Sudan,SDN,2001,0
Sudan,SDN,2002,0
Sudan,SDN,2003,0
Sudan,SDN,2004,0
Sudan,SDN,2005,0
Sudan,SDN,2006,0
Sudan,SDN,2007,0
Sudan,SDN,2008,3
Sudan,SDN,2009,5
Sudan,SDN,2010,5
Sudan,SDN,2011,6
Sudan,SDN,2012,6
Sudan,SDN,2013,8
Sudan,SDN,2014,9
Sudan,SDN,2015,10
Sudan,SDN,2016,13
Sudan,SDN,2017,17
Sudan,SDN,2018,19
Sudan,SDN,2019,22
Sudan,SDN,2020,25
Suriname,SUR,2000,0
Suriname,SUR,2001,0
Suriname,SUR,2002,1
Suriname,SUR,2003,4
Suriname,SUR,2004,6
Suriname,SUR,2005,9
Suriname,SUR,2006,12
Suriname,SUR,2007,16
Suriname,SUR,2008,19
Suriname,SUR,2009,21
Suriname,SUR,2010,24
Suriname,SUR,2011,27
Suriname,SUR,2012,35
Suriname,SUR,2013,39
Suriname,SUR,2014,44
Suriname,SUR,2015,45
Suriname,SUR,2016,50
Suriname,SUR,2017,52
Suriname,SUR,2018,55
Suriname,SUR,2019,55
Suriname,SUR,2020,35
Syria,SYR,2000,0
Syria,SYR,2001,0
Syria,SYR,2002,0
Syria,SYR,2003,2
Syria,SYR,2004,5
Syria,SYR,2005,5
Syria,SYR,2006,5
Syria,SYR,2007,6
Syria,SYR,2008,6
Syria,SYR,2009,8
Syria,SYR,2010,10
Syria,SYR,2011,13
Syria,SYR,2012,15
Syria,SYR,2013,14
Syria,SYR,2014,15
Syria,SYR,2015,15
Syria,SYR,2016,16
Syria,SYR,2017,20
Syria,SYR,2018,26
Syria,SYR,2019,32
Syria,SYR,2020,34
Tajikistan,TJK,2000,0
Tajikistan,TJK,2001,0
Tajikistan,TJK,2002,0
Tajikistan,TJK,2003,0
Tajikistan,TJK,2004,0
Tajikistan,TJK,2005,0
Tajikistan,TJK,2006,3
Tajikistan,TJK,2007,3
Tajikistan,TJK,2008,4
Tajikistan,TJK,2009,6
Tajikistan,TJK,2010,8
Tajikistan,TJK,2011,10
Tajikistan,TJK,2012,11
Tajikistan,TJK,2013,14
Tajikistan,TJK,2014,19
Tajikistan,TJK,2015,27
Tajikistan,TJK,2016,33
Tajikistan,TJK,2017,39
Tajikistan,TJK,2018,46
Tajikistan,TJK,2019,51
Tajikistan,TJK,2020,56
Tanzania,TZA,2000,0
Tanzania,TZA,2001,0
Tanzania,TZA,2002,0
Tanzania,TZA,2003,0
Tanzania,TZA,2004,1
Tanzania,TZA,2005,2
Tanzania,TZA,2006,5
Tanzania,TZA,2007,11
Tanzania,TZA,2008,12
Tanzania,TZA,2009,15
Tanzania,TZA,2010,18
Tanzania,TZA,2011,19
Tanzania,TZA,2012,30
Tanzania,TZA,2013,35
Tanzania,TZA,2014,43
Tanzania,TZA,2015,48
Tanzania,TZA,2016,53
Tanzania,TZA,2017,59
Tanzania,TZA,2018,66
Tanzania,TZA,2019,74
Tanzania,TZA,2020,82
Thailand,THA,2000,0
Thailand,THA,2001,1
Thailand,THA,2002,2
Thailand,THA,2003,3
Thailand,THA,2004,8
Thailand,THA,2005,15
Thailand,THA,2006,19
Thailand,THA,2007,23
Thailand,THA,2008,26
Thailand,THA,2009,30
Thailand,THA,2010,34
Thailand,THA,2011,38
Thailand,THA,2012,41
Thailand,THA,2013,45
Thailand,THA,2014,49
Thailand,THA,2015,53
Thailand,THA,2016,59
Thailand,THA,2017,64
Thailand,THA,2018,70
Thailand,THA,2019,75
Thailand,THA,2020,79
Timor,TLS,2000,0
Timor,TLS,2001,0
Timor,TLS,2002,0
Timor,TLS,2003,0
Timor,TLS,2004,0
Timor,TLS,2005,0
Timor,TLS,2006,2
Timor,TLS,2007,1
Timor,TLS,2008,7
Timor,TLS,2009,7
Timor,TLS,2010,11
Timor,TLS,2011,10
Timor,TLS,2012,14
Timor,TLS,2013,21
Timor,TLS,2014,24
Timor,TLS,2015,24
Timor,TLS,2016,27
Timor,TLS,2017,29
Timor,TLS,2018,35
Timor,TLS,2019,44
Timor,TLS,2020,51
Togo,TGO,2000,0
Togo,TGO,2001,0
Togo,TGO,2002,0
Togo,TGO,2003,1
Togo,TGO,2004,2
Togo,TGO,2005,5
Togo,TGO,2006,6
Togo,TGO,2007,6
Togo,TGO,2008,9
Togo,TGO,2009,13
Togo,TGO,2010,21
Togo,TGO,2011,24
Togo,TGO,2012,27
Togo,TGO,2013,30
Togo,TGO,2014,33
Togo,TGO,2015,39
Togo,TGO,2016,46
Togo,TGO,2017,53
Togo,TGO,2018,58
Togo,TGO,2019,68
Togo,TGO,2020,72
Trinidad and Tobago,TTO,2000,0
Trinidad and Tobago,TTO,2001,1
Trinidad and Tobago,TTO,2002,4
Trinidad and Tobago,TTO,2003,7
Trinidad and Tobago,TTO,2004,11
Trinidad and Tobago,TTO,2005,15
Trinidad and Tobago,TTO,2006,18
Trinidad and Tobago,TTO,2007,22
Trinidad and Tobago,TTO,2008,25
Trinidad and Tobago,TTO,2009,31
Trinidad and Tobago,TTO,2010,40
Trinidad and Tobago,TTO,2011,43
Trinidad and Tobago,TTO,2012,48
Trinidad and Tobago,TTO,2013,53
Trinidad and Tobago,TTO,2014,56
Trinidad and Tobago,TTO,2015,59
Trinidad and Tobago,TTO,2016,60
Trinidad and Tobago,TTO,2017,61
Trinidad and Tobago,TTO,2018,68
Trinidad and Tobago,TTO,2019,74
Trinidad and Tobago,TTO,2020,70
Tunisia,TUN,2000,0
Tunisia,TUN,2001,3
Tunisia,TUN,2002,4
Tunisia,TUN,2003,5
Tunisia,TUN,2004,5
Tunisia,TUN,2005,7
Tunisia,TUN,2006,7
Tunisia,TUN,2007,9
Tunisia,TUN,2008,11
Tunisia,TUN,2009,14
Tunisia,TUN,2010,15
Tunisia,TUN,2011,17
Tunisia,TUN,2012,15
Tunisia,TUN,2013,18
Tunisia,TUN,2014,20
Tunisia,TUN,2015,21
Tunisia,TUN,2016,24
Tunisia,TUN,2017,24
Tunisia,TUN,2018,27
Tunisia,TUN,2019,30
Tunisia,TUN,2020,32
Uganda,UGA,2000,0
Uganda,UGA,2001,1
Uganda,UGA,2002,1
Uganda,UGA,2003,2
Uganda,UGA,2004,5
Uganda,UGA,2005,9
Uganda,UGA,2006,8
Uganda,UGA,2007,10
Uganda,UGA,2008,14
Uganda,UGA,2009,16
Uganda,UGA,2010,20
Uganda,UGA,2011,23
Uganda,UGA,2012,31
Uganda,UGA,2013,41
Uganda,UGA,2014,51
Uganda,UGA,2015,55
Uganda,UGA,2016,62
Uganda,UGA,2017,71
Uganda,UGA,2018,72
Uganda,UGA,2019,87
Uganda,UGA,2020,90
Ukraine,UKR,2000,0
Ukraine,UKR,2001,0
Ukraine,UKR,2002,0
Ukraine,UKR,2003,0
Ukraine,UKR,2004,1
Ukraine,UKR,2005,1
Ukraine,UKR,2006,2
Ukraine,UKR,2007,3
Ukraine,UKR,2008,5
Ukraine,UKR,2009,7
Ukraine,UKR,2010,10
Ukraine,UKR,2011,12
Ukraine,UKR,2012,19
Ukraine,UKR,2013,25
Ukraine,UKR,2014,29
Ukraine,UKR,2015,29
Ukraine,UKR,2016,39
Ukraine,UKR,2017,44
Ukraine,UKR,2018,51
Ukraine,UKR,2019,55
Ukraine,UKR,2020,57
United Arab Emirates,ARE,2000,0
United Arab Emirates,ARE,2001,43
United Arab Emirates,ARE,2002,80
United Arab Emirates,ARE,2003,98
United Arab Emirates,ARE,2004,98
United Arab Emirates,ARE,2005,98
United Arab Emirates,ARE,2006,98
United Arab Emirates,ARE,2007,98
United Arab Emirates,ARE,2008,98
United Arab Emirates,ARE,2009,98
United Arab Emirates,ARE,2010,98
United Arab Emirates,ARE,2011,98
United Arab Emirates,ARE,2012,98
United Arab Emirates,ARE,2013,98
United Arab Emirates,ARE,2014,84
United Arab Emirates,ARE,2015,73
United Arab Emirates,ARE,2016,58
United Arab Emirates,ARE,2017,57
United Arab Emirates,ARE,2018,52
United Arab Emirates,ARE,2019,48
United Arab Emirates,ARE,2020,85
Uruguay,URY,2000,16
Uruguay,URY,2001,18
Uruguay,URY,2002,19
Uruguay,URY,2003,21
Uruguay,URY,2004,23
Uruguay,URY,2005,24
Uruguay,URY,2006,28
Uruguay,URY,2007,29
Uruguay,URY,2008,30
Uruguay,URY,2009,30
Uruguay,URY,2010,40
Uruguay,URY,2011,42
Uruguay,URY,2012,40
Uruguay,URY,2013,62
Uruguay,URY,2014,64
Uruguay,URY,2015,65
Uruguay,URY,2016,65
Uruguay,URY,2017,69
Uruguay,URY,2018,76
Uruguay,URY,2019,78
Uruguay,URY,2020,81
Uzbekistan,UZB,2000,0
Uzbekistan,UZB,2001,0
Uzbekistan,UZB,2002,0
Uzbekistan,UZB,2003,0
Uzbekistan,UZB,2004,0
Uzbekistan,UZB,2005,0
Uzbekistan,UZB,2006,4
Uzbekistan,UZB,2007,7
Uzbekistan,UZB,2008,9
Uzbekistan,UZB,2009,11
Uzbekistan,UZB,2010,13
Uzbekistan,UZB,2011,15
Uzbekistan,UZB,2012,5
Uzbekistan,UZB,2013,11
Uzbekistan,UZB,2014,17
Uzbekistan,UZB,2015,30
Uzbekistan,UZB,2016,36
Uzbekistan,UZB,2017,43
Uzbekistan,UZB,2018,50
Uzbekistan,UZB,2019,48
Uzbekistan,UZB,2020,54
Venezuela,VEN,2000,2
Venezuela,VEN,2001,5
Venezuela,VEN,2002,8
Venezuela,VEN,2003,10
Venezuela,VEN,2004,12
Venezuela,VEN,2005,13
Venezuela,VEN,2006,21
Venezuela,VEN,2007,23
Venezuela,VEN,2008,27
Venezuela,VEN,2009,31
Venezuela,VEN,2010,36
Venezuela,VEN,2011,36
Venezuela,VEN,2012,37
Venezuela,VEN,2013,37
Venezuela,VEN,2014,37
Venezuela,VEN,2015,49
Venezuela,VEN,2016,46
Venezuela,VEN,2017,36
Venezuela,VEN,2018,26
Venezuela,VEN,2019,43
Venezuela,VEN,2020,55
Vietnam,VNM,2000,0
Vietnam,VNM,2001,0
Vietnam,VNM,2002,0
Vietnam,VNM,2003,0
Vietnam,VNM,2004,0
Vietnam,VNM,2005,2
Vietnam,VNM,2006,4
Vietnam,VNM,2007,9
Vietnam,VNM,2008,14
Vietnam,VNM,2009,19
Vietnam,VNM,2010,23
Vietnam,VNM,2011,28
Vietnam,VNM,2012,33
Vietnam,VNM,2013,37
Vietnam,VNM,2014,40
Vietnam,VNM,2015,47
Vietnam,VNM,2016,52
Vietnam,VNM,2017,58
Vietnam,VNM,2018,61
Vietnam,VNM,2019,65
Vietnam,VNM,2020,68
World,OWID_WRL,2000,2
World,OWID_WRL,2001,3
World,OWID_WRL,2002,3
World,OWID_WRL,2003,4
World,OWID_WRL,2004,5
World,OWID_WRL,2005,7
World,OWID_WRL,2006,9
World,OWID_WRL,2007,13
World,OWID_WRL,2008,17
World,OWID_WRL,2009,21
World,OWID_WRL,2010,25
World,OWID_WRL,2011,30
World,OWID_WRL,2012,35
World,OWID_WRL,2013,40
World,OWID_WRL,2014,44
World,OWID_WRL,2015,49
World,OWID_WRL,2016,55
World,OWID_WRL,2017,60
World,OWID_WRL,2018,63
World,OWID_WRL,2019,69
World,OWID_WRL,2020,73
Yemen,YEM,2000,0
Yemen,YEM,2001,0
Yemen,YEM,2002,0
Yemen,YEM,2003,0
Yemen,YEM,2004,0
Yemen,YEM,2005,0
Yemen,YEM,2006,0
Yemen,YEM,2007,2
Yemen,YEM,2008,5
Yemen,YEM,2009,6
Yemen,YEM,2010,10
Yemen,YEM,2011,12
Yemen,YEM,2012,12
Yemen,YEM,2013,14
Yemen,YEM,2014,18
Yemen,YEM,2015,19
Yemen,YEM,2016,22
Yemen,YEM,2017,24
Yemen,YEM,2018,25
Yemen,YEM,2019,27
Yemen,YEM,2020,28
Zambia,ZMB,2000,0
Zambia,ZMB,2001,0
Zambia,ZMB,2002,0
Zambia,ZMB,2003,2
Zambia,ZMB,2004,3
Zambia,ZMB,2005,6
Zambia,ZMB,2006,9
Zambia,ZMB,2007,16
Zambia,ZMB,2008,22
Zambia,ZMB,2009,27
Zambia,ZMB,2010,32
Zambia,ZMB,2011,38
Zambia,ZMB,2012,42
Zambia,ZMB,2013,47
Zambia,ZMB,2014,54
Zambia,ZMB,2015,60
Zambia,ZMB,2016,62
Zambia,ZMB,2017,64
Zambia,ZMB,2018,71
Zambia,ZMB,2019,75
Zambia,ZMB,2020,81
Zimbabwe,ZWE,2000,0
Zimbabwe,ZWE,2001,0
Zimbabwe,ZWE,2002,0
Zimbabwe,ZWE,2003,0
Zimbabwe,ZWE,2004,1
Zimbabwe,ZWE,2005,2
Zimbabwe,ZWE,2006,5
Zimbabwe,ZWE,2007,8
Zimbabwe,ZWE,2008,12
Zimbabwe,ZWE,2009,18
Zimbabwe,ZWE,2010,30
Zimbabwe,ZWE,2011,39
Zimbabwe,ZWE,2012,46
Zimbabwe,ZWE,2013,53
Zimbabwe,ZWE,2014,60
Zimbabwe,ZWE,2015,66
Zimbabwe,ZWE,2016,72
Zimbabwe,ZWE,2017,82
Zimbabwe,ZWE,2018,76
Zimbabwe,ZWE,2019,90
Zimbabwe,ZWE,2020,93
