﻿Country,Country Code,Year,Antiretroviral therapy coverage for(% of pregnant women surviving with HIV)
Afghanistan,AFG,2000,0
Afghanistan,AFG,2001,0
Afghanistan,AFG,2002,0
Afghanistan,AFG,2003,0
Afghanistan,AFG,2004,0
Afghanistan,AFG,2005,0
Afghanistan,AFG,2006,0
Afghanistan,AFG,2007,0
Afghanistan,AFG,2008,0
Afghanistan,AFG,2009,1
Afghanistan,AFG,2010,2
Afghanistan,AFG,2011,1
Afghanistan,AFG,2012,1
Afghanistan,AFG,2013,3
Afghanistan,AFG,2014,4
Afghanistan,AFG,2015,3
Afghanistan,AFG,2016,4
Afghanistan,AFG,2017,8
Afghanistan,AFG,2018,7
Afghanistan,AFG,2019,9
Afghanistan,AFG,2020,10
Algeria,DZA,2000,0
Algeria,DZA,2001,0
Algeria,DZA,2002,0
Algeria,DZA,2003,0
Algeria,DZA,2004,0
Algeria,DZA,2005,0
Algeria,DZA,2006,0
Algeria,DZA,2007,0
Algeria,DZA,2008,39
Algeria,DZA,2009,35
Algeria,DZA,2010,58
Algeria,DZA,2011,53
Algeria,DZA,2012,44
Algeria,DZA,2013,63
Algeria,DZA,2014,30
Algeria,DZA,2015,25
Algeria,DZA,2016,39
Algeria,DZA,2017,44
Algeria,DZA,2018,49
Algeria,DZA,2019,50
Algeria,DZA,2020,34
Angola,AGO,2000,0
Angola,AGO,2001,0
Angola,AGO,2002,0
Angola,AGO,2003,0
Angola,AGO,2004,1
Angola,AGO,2005,2
Angola,AGO,2006,10
Angola,AGO,2007,9
Angola,AGO,2008,11
Angola,AGO,2009,13
Angola,AGO,2010,14
Angola,AGO,2011,10
Angola,AGO,2012,12
Angola,AGO,2013,20
Angola,AGO,2014,31
Angola,AGO,2015,29
Angola,AGO,2016,26
Angola,AGO,2017,25
Angola,AGO,2018,34
Angola,AGO,2019,53
Angola,AGO,2020,68
Argentina,ARG,2000,37
Argentina,ARG,2001,43
Argentina,ARG,2002,47
Argentina,ARG,2003,54
Argentina,ARG,2004,54
Argentina,ARG,2005,68
Argentina,ARG,2006,72
Argentina,ARG,2007,79
Argentina,ARG,2008,83
Argentina,ARG,2009,91
Argentina,ARG,2010,95
Argentina,ARG,2011,95
Argentina,ARG,2012,95
Argentina,ARG,2013,95
Argentina,ARG,2014,95
Argentina,ARG,2015,95
Argentina,ARG,2016,95
Argentina,ARG,2017,96
Argentina,ARG,2018,94
Argentina,ARG,2019,96
Argentina,ARG,2020,97
Armenia,ARM,2000,0
Armenia,ARM,2001,0
Armenia,ARM,2002,0
Armenia,ARM,2003,0
Armenia,ARM,2004,0
Armenia,ARM,2005,16
Armenia,ARM,2006,11
Armenia,ARM,2007,13
Armenia,ARM,2008,13
Armenia,ARM,2009,21
Armenia,ARM,2010,28
Armenia,ARM,2011,26
Armenia,ARM,2012,26
Armenia,ARM,2013,40
Armenia,ARM,2014,61
Armenia,ARM,2015,60
Armenia,ARM,2016,77
Armenia,ARM,2017,75
Armenia,ARM,2018,99
Armenia,ARM,2019,97
Armenia,ARM,2020,90
Azerbaijan,AZE,2000,0
Azerbaijan,AZE,2001,0
Azerbaijan,AZE,2002,0
Azerbaijan,AZE,2003,0
Azerbaijan,AZE,2004,0
Azerbaijan,AZE,2005,0
Azerbaijan,AZE,2006,0
Azerbaijan,AZE,2007,1
Azerbaijan,AZE,2008,5
Azerbaijan,AZE,2009,14
Azerbaijan,AZE,2010,12
Azerbaijan,AZE,2011,22
Azerbaijan,AZE,2012,28
Azerbaijan,AZE,2013,43
Azerbaijan,AZE,2014,63
Azerbaijan,AZE,2015,64
Azerbaijan,AZE,2016,81
Azerbaijan,AZE,2017,97
Azerbaijan,AZE,2018,94
Azerbaijan,AZE,2019,83
Azerbaijan,AZE,2020,97
Benin,BEN,2000,0
Benin,BEN,2001,0
Benin,BEN,2002,0
Benin,BEN,2003,0
Benin,BEN,2004,0
Benin,BEN,2005,0
Benin,BEN,2006,0
Benin,BEN,2007,0
Benin,BEN,2008,24
Benin,BEN,2009,27
Benin,BEN,2010,13
Benin,BEN,2011,17
Benin,BEN,2012,19
Benin,BEN,2013,17
Benin,BEN,2014,31
Benin,BEN,2015,51
Benin,BEN,2016,66
Benin,BEN,2017,62
Benin,BEN,2018,75
Benin,BEN,2019,91
Benin,BEN,2020,98
Bolivia,BOL,2000,0
Bolivia,BOL,2001,0
Bolivia,BOL,2002,0
Bolivia,BOL,2003,0
Bolivia,BOL,2004,0
Bolivia,BOL,2005,0
Bolivia,BOL,2006,5
Bolivia,BOL,2007,11
Bolivia,BOL,2008,12
Bolivia,BOL,2009,34
Bolivia,BOL,2010,43
Bolivia,BOL,2011,54
Bolivia,BOL,2012,79
Bolivia,BOL,2013,66
Bolivia,BOL,2014,70
Bolivia,BOL,2015,85
Bolivia,BOL,2016,97
Bolivia,BOL,2017,97
Bolivia,BOL,2018,100
Bolivia,BOL,2019,92
Bolivia,BOL,2020,98
Bosnia and Herzegovina,BIH,2000,0
Bosnia and Herzegovina,BIH,2001,0
Bosnia and Herzegovina,BIH,2002,0
Bosnia and Herzegovina,BIH,2003,0
Bosnia and Herzegovina,BIH,2004,0
Bosnia and Herzegovina,BIH,2005,0
Bosnia and Herzegovina,BIH,2006,0
Bosnia and Herzegovina,BIH,2007,0
Bosnia and Herzegovina,BIH,2008,0
Bosnia and Herzegovina,BIH,2009,0
Bosnia and Herzegovina,BIH,2010,0
Bosnia and Herzegovina,BIH,2011,0
Botswana,BWA,2000,8
Botswana,BWA,2001,17
Botswana,BWA,2002,25
Botswana,BWA,2003,34
Botswana,BWA,2004,43
Botswana,BWA,2005,69
Botswana,BWA,2006,81
Botswana,BWA,2007,75
Botswana,BWA,2008,77
Botswana,BWA,2009,85
Botswana,BWA,2010,76
Botswana,BWA,2011,69
Botswana,BWA,2012,87
Botswana,BWA,2013,88
Botswana,BWA,2014,80
Botswana,BWA,2015,83
Botswana,BWA,2016,83
Botswana,BWA,2017,95
Botswana,BWA,2018,100
Botswana,BWA,2019,100
Botswana,BWA,2020,100
Brunei,BRN,2000,0
Brunei,BRN,2001,0
Brunei,BRN,2002,0
Brunei,BRN,2003,0
Brunei,BRN,2004,0
Brunei,BRN,2005,0
Brunei,BRN,2006,0
Burkina Faso,BFA,2000,0
Burkina Faso,BFA,2001,0
Burkina Faso,BFA,2002,0
Burkina Faso,BFA,2003,1
Burkina Faso,BFA,2004,2
Burkina Faso,BFA,2005,5
Burkina Faso,BFA,2006,11
Burkina Faso,BFA,2007,11
Burkina Faso,BFA,2008,10
Burkina Faso,BFA,2009,18
Burkina Faso,BFA,2010,21
Burkina Faso,BFA,2011,24
Burkina Faso,BFA,2012,25
Burkina Faso,BFA,2013,27
Burkina Faso,BFA,2014,35
Burkina Faso,BFA,2015,100
Burkina Faso,BFA,2016,100
Burkina Faso,BFA,2017,100
Burkina Faso,BFA,2018,97
Burkina Faso,BFA,2019,100
Burkina Faso,BFA,2020,89
Burundi,BDI,2000,0
Burundi,BDI,2001,0
Burundi,BDI,2002,1
Burundi,BDI,2003,3
Burundi,BDI,2004,5
Burundi,BDI,2005,12
Burundi,BDI,2006,14
Burundi,BDI,2007,14
Burundi,BDI,2008,20
Burundi,BDI,2009,23
Burundi,BDI,2010,38
Burundi,BDI,2011,40
Burundi,BDI,2012,42
Burundi,BDI,2013,48
Burundi,BDI,2014,55
Burundi,BDI,2015,62
Burundi,BDI,2016,74
Burundi,BDI,2017,69
Burundi,BDI,2018,66
Burundi,BDI,2019,61
Burundi,BDI,2020,55
Cambodia,KHM,2000,0
Cambodia,KHM,2001,0
Cambodia,KHM,2002,2
Cambodia,KHM,2003,3
Cambodia,KHM,2004,4
Cambodia,KHM,2005,8
Cambodia,KHM,2006,15
Cambodia,KHM,2007,30
Cambodia,KHM,2008,33
Cambodia,KHM,2009,38
Cambodia,KHM,2010,33
Cambodia,KHM,2011,44
Cambodia,KHM,2012,49
Cambodia,KHM,2013,57
Cambodia,KHM,2014,65
Cambodia,KHM,2015,76
Cambodia,KHM,2016,78
Cambodia,KHM,2017,89
Cambodia,KHM,2018,84
Cambodia,KHM,2019,79
Cambodia,KHM,2020,86
Cameroon,CMR,2000,0
Cameroon,CMR,2001,0
Cameroon,CMR,2002,4
Cameroon,CMR,2003,8
Cameroon,CMR,2004,12
Cameroon,CMR,2005,10
Cameroon,CMR,2006,21
Cameroon,CMR,2007,21
Cameroon,CMR,2008,29
Cameroon,CMR,2009,26
Cameroon,CMR,2010,40
Cameroon,CMR,2011,46
Cameroon,CMR,2012,55
Cameroon,CMR,2013,73
Cameroon,CMR,2014,72
Cameroon,CMR,2015,89
Cameroon,CMR,2016,79
Cameroon,CMR,2017,82
Cameroon,CMR,2018,78
Cameroon,CMR,2019,63
Cameroon,CMR,2020,64
Central African Republic,CAF,2000,1
Central African Republic,CAF,2001,1
Central African Republic,CAF,2002,1
Central African Republic,CAF,2003,1
Central African Republic,CAF,2004,3
Central African Republic,CAF,2005,7
Central African Republic,CAF,2006,22
Central African Republic,CAF,2007,22
Central African Republic,CAF,2008,28
Central African Republic,CAF,2009,39
Central African Republic,CAF,2010,33
Central African Republic,CAF,2011,45
Central African Republic,CAF,2012,52
Central African Republic,CAF,2013,31
Central African Republic,CAF,2014,56
Central African Republic,CAF,2015,63
Central African Republic,CAF,2016,95
Central African Republic,CAF,2017,73
Central African Republic,CAF,2018,82
Central African Republic,CAF,2019,100
Central African Republic,CAF,2020,71
Chad,TCD,2000,0
Chad,TCD,2001,0
Chad,TCD,2002,0
Chad,TCD,2003,0
Chad,TCD,2004,0
Chad,TCD,2005,0
Chad,TCD,2006,3
Chad,TCD,2007,4
Chad,TCD,2008,9
Chad,TCD,2009,12
Chad,TCD,2010,19
Chad,TCD,2011,23
Chad,TCD,2012,31
Chad,TCD,2013,53
Chad,TCD,2014,76
Chad,TCD,2015,59
Chad,TCD,2016,56
Chad,TCD,2017,62
Chad,TCD,2018,76
Chad,TCD,2019,87
Chad,TCD,2020,87
Colombia,COL,2000,0
Colombia,COL,2001,0
Colombia,COL,2002,0
Colombia,COL,2003,5
Colombia,COL,2004,13
Colombia,COL,2005,28
Colombia,COL,2006,13
Colombia,COL,2007,20
Colombia,COL,2008,50
Colombia,COL,2009,62
Colombia,COL,2010,73
Colombia,COL,2011,67
Colombia,COL,2012,68
Colombia,COL,2013,69
Colombia,COL,2014,79
Colombia,COL,2015,70
Colombia,COL,2016,67
Colombia,COL,2017,85
Colombia,COL,2018,80
Colombia,COL,2019,72
Colombia,COL,2020,70
Congo,COG,2000,0
Congo,COG,2001,0
Congo,COG,2002,2
Congo,COG,2003,3
Congo,COG,2004,5
Congo,COG,2005,3
Congo,COG,2006,5
Congo,COG,2007,9
Congo,COG,2008,16
Congo,COG,2009,8
Congo,COG,2010,11
Congo,COG,2011,25
Congo,COG,2012,20
Congo,COG,2013,26
Congo,COG,2014,21
Congo,COG,2015,20
Congo,COG,2016,11
Congo,COG,2017,12
Congo,COG,2018,8
Congo,COG,2019,8
Congo,COG,2020,14
Costa Rica,CRI,2000,0
Costa Rica,CRI,2001,0
Costa Rica,CRI,2002,0
Costa Rica,CRI,2003,0
Costa Rica,CRI,2004,0
Costa Rica,CRI,2005,0
Costa Rica,CRI,2006,33
Costa Rica,CRI,2007,38
Costa Rica,CRI,2008,42
Costa Rica,CRI,2009,46
Costa Rica,CRI,2010,0
Costa Rica,CRI,2011,0
Costa Rica,CRI,2012,0
Costa Rica,CRI,2013,47
Costa Rica,CRI,2014,55
Costa Rica,CRI,2015,90
Costa Rica,CRI,2016,86
Costa Rica,CRI,2017,90
Costa Rica,CRI,2018,85
Costa Rica,CRI,2019,92
Costa Rica,CRI,2020,68
Cote d'Ivoire,CIV,2000,0
Cote d'Ivoire,CIV,2001,1
Cote d'Ivoire,CIV,2002,3
Cote d'Ivoire,CIV,2003,4
Cote d'Ivoire,CIV,2004,6
Cote d'Ivoire,CIV,2005,16
Cote d'Ivoire,CIV,2006,10
Cote d'Ivoire,CIV,2007,19
Cote d'Ivoire,CIV,2008,37
Cote d'Ivoire,CIV,2009,46
Cote d'Ivoire,CIV,2010,51
Cote d'Ivoire,CIV,2011,49
Cote d'Ivoire,CIV,2012,64
Cote d'Ivoire,CIV,2013,80
Cote d'Ivoire,CIV,2014,93
Cote d'Ivoire,CIV,2015,97
Cote d'Ivoire,CIV,2016,96
Cote d'Ivoire,CIV,2017,100
Cote d'Ivoire,CIV,2018,100
Cote d'Ivoire,CIV,2019,94
Cote d'Ivoire,CIV,2020,89
Cuba,CUB,2000,0
Cuba,CUB,2001,0
Cuba,CUB,2002,0
Cuba,CUB,2003,0
Cuba,CUB,2004,0
Cuba,CUB,2005,0
Cuba,CUB,2006,0
Cuba,CUB,2007,0
Cuba,CUB,2008,0
Cuba,CUB,2009,50
Cuba,CUB,2010,57
Cuba,CUB,2011,93
Cuba,CUB,2012,99
Cuba,CUB,2013,72
Cuba,CUB,2014,63
Cuba,CUB,2015,98
Cuba,CUB,2016,88
Cuba,CUB,2017,92
Cuba,CUB,2018,100
Cuba,CUB,2019,100
Cuba,CUB,2020,100
Democratic Republic of Congo,COD,2000,0
Democratic Republic of Congo,COD,2001,0
Democratic Republic of Congo,COD,2002,1
Democratic Republic of Congo,COD,2003,2
Democratic Republic of Congo,COD,2004,4
Democratic Republic of Congo,COD,2005,8
Democratic Republic of Congo,COD,2006,4
Democratic Republic of Congo,COD,2007,4
Democratic Republic of Congo,COD,2008,6
Democratic Republic of Congo,COD,2009,6
Democratic Republic of Congo,COD,2010,6
Democratic Republic of Congo,COD,2011,8
Democratic Republic of Congo,COD,2012,9
Democratic Republic of Congo,COD,2013,22
Democratic Republic of Congo,COD,2014,35
Democratic Republic of Congo,COD,2015,42
Democratic Republic of Congo,COD,2016,46
Democratic Republic of Congo,COD,2017,42
Democratic Republic of Congo,COD,2018,35
Democratic Republic of Congo,COD,2019,45
Democratic Republic of Congo,COD,2020,39
Djibouti,DJI,2000,0
Djibouti,DJI,2001,0
Djibouti,DJI,2002,0
Djibouti,DJI,2003,2
Djibouti,DJI,2004,3
Djibouti,DJI,2005,4
Djibouti,DJI,2006,10
Djibouti,DJI,2007,11
Djibouti,DJI,2008,10
Djibouti,DJI,2009,8
Djibouti,DJI,2010,11
Djibouti,DJI,2011,16
Djibouti,DJI,2012,16
Djibouti,DJI,2013,14
Djibouti,DJI,2014,30
Djibouti,DJI,2015,41
Djibouti,DJI,2016,50
Djibouti,DJI,2017,34
Djibouti,DJI,2018,45
Djibouti,DJI,2019,34
Djibouti,DJI,2020,44
Dominican Republic,DOM,2000,0
Dominican Republic,DOM,2001,0
Dominican Republic,DOM,2002,4
Dominican Republic,DOM,2003,6
Dominican Republic,DOM,2004,30
Dominican Republic,DOM,2005,53
Dominican Republic,DOM,2006,59
Dominican Republic,DOM,2007,82
Dominican Republic,DOM,2008,77
Dominican Republic,DOM,2009,76
Dominican Republic,DOM,2010,65
Dominican Republic,DOM,2011,80
Dominican Republic,DOM,2012,94
Dominican Republic,DOM,2013,86
Dominican Republic,DOM,2014,97
Dominican Republic,DOM,2015,92
Dominican Republic,DOM,2016,96
Dominican Republic,DOM,2017,93
Dominican Republic,DOM,2018,99
Dominican Republic,DOM,2019,85
Dominican Republic,DOM,2020,74
Ecuador,ECU,2000,0
Ecuador,ECU,2001,0
Ecuador,ECU,2002,0
Ecuador,ECU,2003,0
Ecuador,ECU,2004,0
Ecuador,ECU,2005,0
Ecuador,ECU,2006,0
Ecuador,ECU,2007,0
Ecuador,ECU,2008,44
Ecuador,ECU,2009,43
Ecuador,ECU,2010,46
Ecuador,ECU,2011,49
Ecuador,ECU,2012,52
Ecuador,ECU,2013,51
Ecuador,ECU,2014,52
Ecuador,ECU,2015,51
Ecuador,ECU,2016,51
Ecuador,ECU,2017,51
Ecuador,ECU,2018,52
Ecuador,ECU,2019,80
Ecuador,ECU,2020,61
Egypt,EGY,2000,0
Egypt,EGY,2001,0
Egypt,EGY,2002,0
Egypt,EGY,2003,0
Egypt,EGY,2004,10
Egypt,EGY,2005,17
Egypt,EGY,2006,18
Egypt,EGY,2007,7
Egypt,EGY,2008,4
Egypt,EGY,2009,12
Egypt,EGY,2010,18
Egypt,EGY,2011,9
Egypt,EGY,2012,10
Egypt,EGY,2013,34
Egypt,EGY,2014,24
Egypt,EGY,2015,21
Egypt,EGY,2016,29
Egypt,EGY,2017,26
Egypt,EGY,2018,25
Egypt,EGY,2019,25
Egypt,EGY,2020,27
El Salvador,SLV,2000,0
El Salvador,SLV,2001,0
El Salvador,SLV,2002,38
El Salvador,SLV,2003,55
El Salvador,SLV,2004,72
El Salvador,SLV,2005,66
El Salvador,SLV,2006,49
El Salvador,SLV,2007,39
El Salvador,SLV,2008,40
El Salvador,SLV,2009,35
El Salvador,SLV,2010,30
El Salvador,SLV,2011,35
El Salvador,SLV,2012,50
El Salvador,SLV,2013,57
El Salvador,SLV,2014,54
El Salvador,SLV,2015,52
El Salvador,SLV,2016,47
El Salvador,SLV,2017,48
El Salvador,SLV,2018,41
El Salvador,SLV,2019,48
El Salvador,SLV,2020,43
Equatorial Guinea,GNQ,2000,0
Equatorial Guinea,GNQ,2001,0
Equatorial Guinea,GNQ,2002,0
Equatorial Guinea,GNQ,2003,0
Equatorial Guinea,GNQ,2004,0
Equatorial Guinea,GNQ,2005,7
Equatorial Guinea,GNQ,2006,19
Equatorial Guinea,GNQ,2007,19
Equatorial Guinea,GNQ,2008,20
Equatorial Guinea,GNQ,2009,9
Equatorial Guinea,GNQ,2010,15
Equatorial Guinea,GNQ,2011,8
Equatorial Guinea,GNQ,2012,13
Equatorial Guinea,GNQ,2013,55
Equatorial Guinea,GNQ,2014,52
Equatorial Guinea,GNQ,2015,40
Equatorial Guinea,GNQ,2016,62
Equatorial Guinea,GNQ,2017,56
Equatorial Guinea,GNQ,2018,44
Equatorial Guinea,GNQ,2019,43
Equatorial Guinea,GNQ,2020,31
Eritrea,ERI,2000,0
Eritrea,ERI,2001,0
Eritrea,ERI,2002,2
Eritrea,ERI,2003,5
Eritrea,ERI,2004,8
Eritrea,ERI,2005,26
Eritrea,ERI,2006,21
Eritrea,ERI,2007,67
Eritrea,ERI,2008,83
Eritrea,ERI,2009,98
Eritrea,ERI,2010,27
Eritrea,ERI,2011,44
Eritrea,ERI,2012,77
Eritrea,ERI,2013,85
Eritrea,ERI,2014,97
Eritrea,ERI,2015,81
Eritrea,ERI,2016,60
Eritrea,ERI,2017,67
Eritrea,ERI,2018,75
Eritrea,ERI,2019,64
Eritrea,ERI,2020,73
Eswatini,SWZ,2000,0
Eswatini,SWZ,2001,0
Eswatini,SWZ,2002,1
Eswatini,SWZ,2003,2
Eswatini,SWZ,2004,9
Eswatini,SWZ,2005,15
Eswatini,SWZ,2006,70
Eswatini,SWZ,2007,71
Eswatini,SWZ,2008,70
Eswatini,SWZ,2009,67
Eswatini,SWZ,2010,68
Eswatini,SWZ,2011,87
Eswatini,SWZ,2012,87
Eswatini,SWZ,2013,89
Eswatini,SWZ,2014,83
Eswatini,SWZ,2015,90
Eswatini,SWZ,2016,93
Eswatini,SWZ,2017,85
Eswatini,SWZ,2018,99
Eswatini,SWZ,2019,100
Eswatini,SWZ,2020,95
Ethiopia,ETH,2000,0
Ethiopia,ETH,2001,0
Ethiopia,ETH,2002,0
Ethiopia,ETH,2003,1
Ethiopia,ETH,2004,1
Ethiopia,ETH,2005,1
Ethiopia,ETH,2006,9
Ethiopia,ETH,2007,10
Ethiopia,ETH,2008,25
Ethiopia,ETH,2009,26
Ethiopia,ETH,2010,25
Ethiopia,ETH,2011,38
Ethiopia,ETH,2012,60
Ethiopia,ETH,2013,70
Ethiopia,ETH,2014,72
Ethiopia,ETH,2015,79
Ethiopia,ETH,2016,71
Ethiopia,ETH,2017,68
Ethiopia,ETH,2018,78
Ethiopia,ETH,2019,83
Ethiopia,ETH,2020,92
Gabon,GAB,2000,0
Gabon,GAB,2001,0
Gabon,GAB,2002,0
Gabon,GAB,2003,1
Gabon,GAB,2004,2
Gabon,GAB,2005,2
Gabon,GAB,2006,3
Gabon,GAB,2007,14
Gabon,GAB,2008,20
Gabon,GAB,2009,19
Gabon,GAB,2010,21
Gabon,GAB,2011,27
Gabon,GAB,2012,35
Gabon,GAB,2013,45
Gabon,GAB,2014,46
Gabon,GAB,2015,55
Gabon,GAB,2016,69
Gabon,GAB,2017,63
Gabon,GAB,2018,68
Gabon,GAB,2019,73
Gabon,GAB,2020,90
Gambia,GMB,2000,0
Gambia,GMB,2001,0
Gambia,GMB,2002,0
Gambia,GMB,2003,0
Gambia,GMB,2004,0
Gambia,GMB,2005,8
Gambia,GMB,2006,9
Gambia,GMB,2007,11
Gambia,GMB,2008,30
Gambia,GMB,2009,50
Gambia,GMB,2010,46
Gambia,GMB,2011,62
Gambia,GMB,2012,79
Gambia,GMB,2013,54
Gambia,GMB,2014,53
Gambia,GMB,2015,65
Gambia,GMB,2016,57
Gambia,GMB,2017,56
Gambia,GMB,2018,54
Gambia,GMB,2019,50
Gambia,GMB,2020,46
Georgia,GEO,2000,0
Georgia,GEO,2001,0
Georgia,GEO,2002,0
Georgia,GEO,2003,0
Georgia,GEO,2004,0
Georgia,GEO,2005,0
Georgia,GEO,2006,5
Georgia,GEO,2007,7
Georgia,GEO,2008,7
Georgia,GEO,2009,4
Georgia,GEO,2010,53
Georgia,GEO,2011,41
Georgia,GEO,2012,32
Georgia,GEO,2013,51
Georgia,GEO,2014,63
Georgia,GEO,2015,92
Georgia,GEO,2016,66
Georgia,GEO,2017,80
Georgia,GEO,2018,45
Georgia,GEO,2019,57
Georgia,GEO,2020,53
Ghana,GHA,2000,0
Ghana,GHA,2001,0
Ghana,GHA,2002,0
Ghana,GHA,2003,0
Ghana,GHA,2004,1
Ghana,GHA,2005,3
Ghana,GHA,2006,7
Ghana,GHA,2007,24
Ghana,GHA,2008,28
Ghana,GHA,2009,20
Ghana,GHA,2010,33
Ghana,GHA,2011,46
Ghana,GHA,2012,51
Ghana,GHA,2013,41
Ghana,GHA,2014,47
Ghana,GHA,2015,44
Ghana,GHA,2016,55
Ghana,GHA,2017,60
Ghana,GHA,2018,65
Ghana,GHA,2019,67
Ghana,GHA,2020,72
Guinea,GIN,2000,0
Guinea,GIN,2001,0
Guinea,GIN,2002,0
Guinea,GIN,2003,0
Guinea,GIN,2004,0
Guinea,GIN,2005,1
Guinea,GIN,2006,7
Guinea,GIN,2007,26
Guinea,GIN,2008,28
Guinea,GIN,2009,15
Guinea,GIN,2010,20
Guinea,GIN,2011,35
Guinea,GIN,2012,36
Guinea,GIN,2013,71
Guinea,GIN,2014,58
Guinea,GIN,2015,32
Guinea,GIN,2016,48
Guinea,GIN,2017,41
Guinea,GIN,2018,61
Guinea,GIN,2019,66
Guinea,GIN,2020,94
Guinea-Bissau,GNB,2000,0
Guinea-Bissau,GNB,2001,0
Guinea-Bissau,GNB,2002,0
Guinea-Bissau,GNB,2003,0
Guinea-Bissau,GNB,2004,0
Guinea-Bissau,GNB,2005,0
Guinea-Bissau,GNB,2006,7
Guinea-Bissau,GNB,2007,7
Guinea-Bissau,GNB,2008,4
Guinea-Bissau,GNB,2009,10
Guinea-Bissau,GNB,2010,14
Guinea-Bissau,GNB,2011,21
Guinea-Bissau,GNB,2012,31
Guinea-Bissau,GNB,2013,50
Guinea-Bissau,GNB,2014,81
Guinea-Bissau,GNB,2015,69
Guinea-Bissau,GNB,2016,66
Guinea-Bissau,GNB,2017,64
Guinea-Bissau,GNB,2018,47
Guinea-Bissau,GNB,2019,57
Guinea-Bissau,GNB,2020,57
Guyana,GUY,2000,0
Guyana,GUY,2001,1
Guyana,GUY,2002,28
Guyana,GUY,2003,30
Guyana,GUY,2004,36
Guyana,GUY,2005,51
Guyana,GUY,2006,38
Guyana,GUY,2007,53
Guyana,GUY,2008,65
Guyana,GUY,2009,77
Guyana,GUY,2010,52
Guyana,GUY,2011,67
Guyana,GUY,2012,74
Guyana,GUY,2013,99
Guyana,GUY,2014,82
Guyana,GUY,2015,92
Guyana,GUY,2016,89
Guyana,GUY,2017,74
Guyana,GUY,2018,89
Guyana,GUY,2019,100
Guyana,GUY,2020,84
Haiti,HTI,2000,0
Haiti,HTI,2001,0
Haiti,HTI,2002,0
Haiti,HTI,2003,0
Haiti,HTI,2004,1
Haiti,HTI,2005,8
Haiti,HTI,2006,19
Haiti,HTI,2007,38
Haiti,HTI,2008,40
Haiti,HTI,2009,48
Haiti,HTI,2010,39
Haiti,HTI,2011,63
Haiti,HTI,2012,82
Haiti,HTI,2013,88
Haiti,HTI,2014,75
Haiti,HTI,2015,76
Haiti,HTI,2016,71
Haiti,HTI,2017,74
Haiti,HTI,2018,82
Haiti,HTI,2019,82
Haiti,HTI,2020,71
Honduras,HND,2000,0
Honduras,HND,2001,0
Honduras,HND,2002,0
Honduras,HND,2003,3
Honduras,HND,2004,7
Honduras,HND,2005,12
Honduras,HND,2006,18
Honduras,HND,2007,25
Honduras,HND,2008,25
Honduras,HND,2009,44
Honduras,HND,2010,40
Honduras,HND,2011,41
Honduras,HND,2012,45
Honduras,HND,2013,42
Honduras,HND,2014,43
Honduras,HND,2015,39
Honduras,HND,2016,41
Honduras,HND,2017,44
Honduras,HND,2018,51
Honduras,HND,2019,41
Honduras,HND,2020,37
Indonesia,IDN,2000,0
Indonesia,IDN,2001,1
Indonesia,IDN,2002,1
Indonesia,IDN,2003,1
Indonesia,IDN,2004,1
Indonesia,IDN,2005,1
Indonesia,IDN,2006,1
Indonesia,IDN,2007,2
Indonesia,IDN,2008,2
Indonesia,IDN,2009,4
Indonesia,IDN,2010,3
Indonesia,IDN,2011,2
Indonesia,IDN,2012,3
Indonesia,IDN,2013,5
Indonesia,IDN,2014,7
Indonesia,IDN,2015,9
Indonesia,IDN,2016,11
Indonesia,IDN,2017,13
Indonesia,IDN,2018,16
Indonesia,IDN,2019,18
Indonesia,IDN,2020,17
Iran,IRN,2000,0
Iran,IRN,2001,0
Iran,IRN,2002,0
Iran,IRN,2003,0
Iran,IRN,2004,0
Iran,IRN,2005,0
Iran,IRN,2006,7
Iran,IRN,2007,8
Iran,IRN,2008,24
Iran,IRN,2009,19
Iran,IRN,2010,20
Iran,IRN,2011,25
Iran,IRN,2012,41
Iran,IRN,2013,43
Iran,IRN,2014,54
Iran,IRN,2015,41
Iran,IRN,2016,53
Iran,IRN,2017,56
Iran,IRN,2018,61
Iran,IRN,2019,54
Iran,IRN,2020,53
Jamaica,JAM,2000,0
Jamaica,JAM,2001,0
Jamaica,JAM,2002,0
Jamaica,JAM,2003,0
Jamaica,JAM,2004,0
Jamaica,JAM,2005,36
Jamaica,JAM,2006,56
Jamaica,JAM,2007,61
Jamaica,JAM,2008,74
Jamaica,JAM,2009,52
Jamaica,JAM,2010,57
Jamaica,JAM,2011,47
Jamaica,JAM,2012,47
Jamaica,JAM,2013,47
Jamaica,JAM,2014,66
Jamaica,JAM,2015,76
Jamaica,JAM,2016,75
Jamaica,JAM,2017,77
Jamaica,JAM,2018,77
Jamaica,JAM,2019,80
Jamaica,JAM,2020,64
Kenya,KEN,2000,0
Kenya,KEN,2001,0
Kenya,KEN,2002,0
Kenya,KEN,2003,0
Kenya,KEN,2004,3
Kenya,KEN,2005,22
Kenya,KEN,2006,41
Kenya,KEN,2007,62
Kenya,KEN,2008,83
Kenya,KEN,2009,85
Kenya,KEN,2010,55
Kenya,KEN,2011,76
Kenya,KEN,2012,62
Kenya,KEN,2013,64
Kenya,KEN,2014,75
Kenya,KEN,2015,96
Kenya,KEN,2016,98
Kenya,KEN,2017,89
Kenya,KEN,2018,95
Kenya,KEN,2019,94
Kenya,KEN,2020,94
Kuwait,KWT,2000,0
Kuwait,KWT,2001,0
Kuwait,KWT,2002,0
Kuwait,KWT,2003,0
Kuwait,KWT,2004,0
Kuwait,KWT,2005,0
Kuwait,KWT,2006,0
Kuwait,KWT,2007,0
Kyrgyzstan,KGZ,2000,0
Kyrgyzstan,KGZ,2001,0
Kyrgyzstan,KGZ,2002,0
Kyrgyzstan,KGZ,2003,0
Kyrgyzstan,KGZ,2004,100
Kyrgyzstan,KGZ,2005,53
Kyrgyzstan,KGZ,2006,38
Kyrgyzstan,KGZ,2007,15
Kyrgyzstan,KGZ,2008,51
Kyrgyzstan,KGZ,2009,100
Kyrgyzstan,KGZ,2010,79
Kyrgyzstan,KGZ,2011,55
Kyrgyzstan,KGZ,2012,93
Kyrgyzstan,KGZ,2013,97
Kyrgyzstan,KGZ,2014,94
Kyrgyzstan,KGZ,2015,73
Kyrgyzstan,KGZ,2016,90
Kyrgyzstan,KGZ,2017,92
Kyrgyzstan,KGZ,2018,99
Kyrgyzstan,KGZ,2019,94
Kyrgyzstan,KGZ,2020,94
Laos,LAO,2000,0
Laos,LAO,2001,0
Laos,LAO,2002,0
Laos,LAO,2003,0
Laos,LAO,2004,0
Laos,LAO,2005,0
Laos,LAO,2006,18
Laos,LAO,2007,16
Laos,LAO,2008,13
Laos,LAO,2009,14
Laos,LAO,2010,15
Laos,LAO,2011,27
Laos,LAO,2012,26
Laos,LAO,2013,29
Laos,LAO,2014,16
Laos,LAO,2015,18
Laos,LAO,2016,41
Laos,LAO,2017,41
Laos,LAO,2018,48
Laos,LAO,2019,36
Laos,LAO,2020,54
Lesotho,LSO,2000,0
Lesotho,LSO,2001,0
Lesotho,LSO,2002,0
Lesotho,LSO,2003,0
Lesotho,LSO,2004,4
Lesotho,LSO,2005,7
Lesotho,LSO,2006,20
Lesotho,LSO,2007,35
Lesotho,LSO,2008,32
Lesotho,LSO,2009,58
Lesotho,LSO,2010,74
Lesotho,LSO,2011,100
Lesotho,LSO,2012,100
Lesotho,LSO,2013,99
Lesotho,LSO,2014,100
Lesotho,LSO,2015,100
Lesotho,LSO,2016,100
Lesotho,LSO,2017,94
Lesotho,LSO,2018,96
Lesotho,LSO,2019,92
Lesotho,LSO,2020,96
Liberia,LBR,2000,0
Liberia,LBR,2001,0
Liberia,LBR,2002,0
Liberia,LBR,2003,0
Liberia,LBR,2004,0
Liberia,LBR,2005,0
Liberia,LBR,2006,0
Liberia,LBR,2007,2
Liberia,LBR,2008,17
Liberia,LBR,2009,17
Liberia,LBR,2010,26
Liberia,LBR,2011,39
Liberia,LBR,2012,43
Liberia,LBR,2013,33
Liberia,LBR,2014,35
Liberia,LBR,2015,65
Liberia,LBR,2016,79
Liberia,LBR,2017,91
Liberia,LBR,2018,100
Liberia,LBR,2019,100
Liberia,LBR,2020,81
Libya,LBY,2000,0
Libya,LBY,2001,0
Libya,LBY,2002,0
Libya,LBY,2003,0
Libya,LBY,2004,0
Libya,LBY,2005,0
Libya,LBY,2006,0
Libya,LBY,2007,0
Libya,LBY,2008,0
Libya,LBY,2009,0
Libya,LBY,2010,0
Libya,LBY,2011,0
Libya,LBY,2012,0
Libya,LBY,2013,0
Libya,LBY,2014,0
Libya,LBY,2015,0
Libya,LBY,2016,76
Libya,LBY,2017,77
Libya,LBY,2018,94
Libya,LBY,2019,96
Libya,LBY,2020,94
Low income,,2000,0
Low income,,2001,0
Low income,,2002,0
Low income,,2003,2
Low income,,2004,5
Low income,,2005,9
Low income,,2006,16
Low income,,2007,27
Low income,,2008,36
Low income,,2009,45
Low income,,2010,26
Low income,,2011,45
Low income,,2012,63
Low income,,2013,71
Low income,,2014,78
Low income,,2015,83
Low income,,2016,84
Low income,,2017,84
Low income,,2018,85
Low income,,2019,87
Low income,,2020,86
Madagascar,MDG,2000,0
Madagascar,MDG,2001,0
Madagascar,MDG,2002,0
Madagascar,MDG,2003,0
Madagascar,MDG,2004,1
Madagascar,MDG,2005,1
Madagascar,MDG,2006,6
Madagascar,MDG,2007,9
Madagascar,MDG,2008,5
Madagascar,MDG,2009,4
Madagascar,MDG,2010,4
Madagascar,MDG,2011,19
Madagascar,MDG,2012,12
Madagascar,MDG,2013,9
Madagascar,MDG,2014,7
Madagascar,MDG,2015,6
Madagascar,MDG,2016,3
Madagascar,MDG,2017,9
Madagascar,MDG,2018,22
Madagascar,MDG,2019,25
Madagascar,MDG,2020,17
Malawi,MWI,2000,0
Malawi,MWI,2001,0
Malawi,MWI,2002,1
Malawi,MWI,2003,2
Malawi,MWI,2004,5
Malawi,MWI,2005,9
Malawi,MWI,2006,18
Malawi,MWI,2007,23
Malawi,MWI,2008,45
Malawi,MWI,2009,53
Malawi,MWI,2010,27
Malawi,MWI,2011,50
Malawi,MWI,2012,62
Malawi,MWI,2013,69
Malawi,MWI,2014,74
Malawi,MWI,2015,82
Malawi,MWI,2016,91
Malawi,MWI,2017,97
Malawi,MWI,2018,98
Malawi,MWI,2019,100
Malawi,MWI,2020,100
Malaysia,MYS,2000,64
Malaysia,MYS,2001,61
Malaysia,MYS,2002,58
Malaysia,MYS,2003,58
Malaysia,MYS,2004,57
Malaysia,MYS,2005,57
Malaysia,MYS,2006,56
Malaysia,MYS,2007,55
Malaysia,MYS,2008,53
Malaysia,MYS,2009,53
Malaysia,MYS,2010,58
Malaysia,MYS,2011,61
Malaysia,MYS,2012,60
Malaysia,MYS,2013,57
Malaysia,MYS,2014,67
Malaysia,MYS,2015,98
Malaysia,MYS,2016,99
Malaysia,MYS,2017,99
Malaysia,MYS,2018,98
Malaysia,MYS,2019,98
Malaysia,MYS,2020,99
Maldives,MDV,2000,0
Maldives,MDV,2001,0
Maldives,MDV,2002,0
Maldives,MDV,2003,0
Maldives,MDV,2004,0
Maldives,MDV,2005,0
Maldives,MDV,2006,0
Maldives,MDV,2007,0
Maldives,MDV,2008,0
Maldives,MDV,2009,0
Maldives,MDV,2010,0
Maldives,MDV,2011,0
Maldives,MDV,2012,0
Maldives,MDV,2013,0
Maldives,MDV,2014,0
Maldives,MDV,2015,0
Maldives,MDV,2016,0
Maldives,MDV,2017,0
Maldives,MDV,2018,0
Maldives,MDV,2019,0
Maldives,MDV,2020,0
Mali,MLI,2000,0
Mali,MLI,2001,0
Mali,MLI,2002,0
Mali,MLI,2003,0
Mali,MLI,2004,0
Mali,MLI,2005,2
Mali,MLI,2006,7
Mali,MLI,2007,12
Mali,MLI,2008,6
Mali,MLI,2009,25
Mali,MLI,2010,28
Mali,MLI,2011,40
Mali,MLI,2012,44
Mali,MLI,2013,26
Mali,MLI,2014,30
Mali,MLI,2015,35
Mali,MLI,2016,32
Mali,MLI,2017,32
Mali,MLI,2018,34
Mali,MLI,2019,27
Mali,MLI,2020,28
Mauritania,MRT,2000,0
Mauritania,MRT,2001,0
Mauritania,MRT,2002,0
Mauritania,MRT,2003,0
Mauritania,MRT,2004,0
Mauritania,MRT,2005,0
Mauritania,MRT,2006,1
Mauritania,MRT,2007,8
Mauritania,MRT,2008,6
Mauritania,MRT,2009,10
Mauritania,MRT,2010,9
Mauritania,MRT,2011,10
Mauritania,MRT,2012,5
Mauritania,MRT,2013,9
Mauritania,MRT,2014,60
Mauritania,MRT,2015,55
Mauritania,MRT,2016,17
Mauritania,MRT,2017,12
Mauritania,MRT,2018,19
Mauritania,MRT,2019,34
Mauritania,MRT,2020,20
Mauritius,MUS,2000,14
Mauritius,MUS,2001,15
Mauritius,MUS,2002,23
Mauritius,MUS,2003,23
Mauritius,MUS,2004,27
Mauritius,MUS,2005,38
Mauritius,MUS,2006,43
Mauritius,MUS,2007,53
Mauritius,MUS,2008,69
Mauritius,MUS,2009,51
Mauritius,MUS,2010,65
Mauritius,MUS,2011,68
Mauritius,MUS,2012,96
Mauritius,MUS,2013,100
Mauritius,MUS,2014,100
Mauritius,MUS,2015,100
Mauritius,MUS,2016,100
Mauritius,MUS,2017,100
Mauritius,MUS,2018,100
Mauritius,MUS,2019,100
Mauritius,MUS,2020,100
Mexico,MEX,2000,11
Mexico,MEX,2001,14
Mexico,MEX,2002,18
Mexico,MEX,2003,18
Mexico,MEX,2004,18
Mexico,MEX,2005,18
Mexico,MEX,2006,10
Mexico,MEX,2007,14
Mexico,MEX,2008,20
Mexico,MEX,2009,27
Mexico,MEX,2010,32
Mexico,MEX,2011,35
Mexico,MEX,2012,50
Mexico,MEX,2013,78
Mexico,MEX,2014,81
Mexico,MEX,2015,95
Mexico,MEX,2016,79
Mexico,MEX,2017,85
Mexico,MEX,2018,84
Mexico,MEX,2019,80
Mexico,MEX,2020,77
Middle East and North Africa,,2000,0
Middle East and North Africa,,2001,0
Middle East and North Africa,,2002,0
Middle East and North Africa,,2003,1
Middle East and North Africa,,2004,1
Middle East and North Africa,,2005,2
Middle East and North Africa,,2006,6
Middle East and North Africa,,2007,7
Middle East and North Africa,,2008,14
Middle East and North Africa,,2009,15
Middle East and North Africa,,2010,21
Middle East and North Africa,,2011,23
Middle East and North Africa,,2012,28
Middle East and North Africa,,2013,34
Middle East and North Africa,,2014,33
Middle East and North Africa,,2015,29
Middle East and North Africa,,2016,40
Middle East and North Africa,,2017,40
Middle East and North Africa,,2018,44
Middle East and North Africa,,2019,45
Middle East and North Africa,,2020,39
Moldova,MDA,2000,0
Moldova,MDA,2001,0
Moldova,MDA,2002,0
Moldova,MDA,2003,3
Moldova,MDA,2004,23
Moldova,MDA,2005,24
Moldova,MDA,2006,78
Moldova,MDA,2007,85
Moldova,MDA,2008,100
Moldova,MDA,2009,100
Moldova,MDA,2010,100
Moldova,MDA,2011,83
Moldova,MDA,2012,95
Moldova,MDA,2013,100
Moldova,MDA,2014,77
Moldova,MDA,2015,88
Moldova,MDA,2016,99
Moldova,MDA,2017,99
Moldova,MDA,2018,94
Moldova,MDA,2019,100
Moldova,MDA,2020,87
Mongolia,MNG,2000,0
Mongolia,MNG,2001,0
Mongolia,MNG,2002,0
Mongolia,MNG,2003,0
Mongolia,MNG,2006,0
Montenegro,MNE,2000,0
Montenegro,MNE,2001,0
Montenegro,MNE,2002,0
Montenegro,MNE,2003,0
Montenegro,MNE,2004,0
Montenegro,MNE,2005,0
Montenegro,MNE,2006,0
Morocco,MAR,2000,0
Morocco,MAR,2001,0
Morocco,MAR,2002,0
Morocco,MAR,2003,0
Morocco,MAR,2004,0
Morocco,MAR,2005,3
Morocco,MAR,2006,6
Morocco,MAR,2007,8
Morocco,MAR,2008,12
Morocco,MAR,2009,17
Morocco,MAR,2010,23
Morocco,MAR,2011,23
Morocco,MAR,2012,36
Morocco,MAR,2013,33
Morocco,MAR,2014,38
Morocco,MAR,2015,33
Morocco,MAR,2016,42
Morocco,MAR,2017,42
Morocco,MAR,2018,46
Morocco,MAR,2019,57
Morocco,MAR,2020,54
Mozambique,MOZ,2000,0
Mozambique,MOZ,2001,0
Mozambique,MOZ,2002,0
Mozambique,MOZ,2003,2
Mozambique,MOZ,2004,4
Mozambique,MOZ,2005,8
Mozambique,MOZ,2006,16
Mozambique,MOZ,2007,55
Mozambique,MOZ,2008,55
Mozambique,MOZ,2009,79
Mozambique,MOZ,2010,25
Mozambique,MOZ,2011,55
Mozambique,MOZ,2012,85
Mozambique,MOZ,2013,91
Mozambique,MOZ,2014,100
Mozambique,MOZ,2015,100
Mozambique,MOZ,2016,99
Mozambique,MOZ,2017,100
Mozambique,MOZ,2018,100
Mozambique,MOZ,2019,100
Mozambique,MOZ,2020,100
Namibia,NAM,2000,0
Namibia,NAM,2001,0
Namibia,NAM,2002,0
Namibia,NAM,2003,1
Namibia,NAM,2004,8
Namibia,NAM,2005,39
Namibia,NAM,2006,60
Namibia,NAM,2007,77
Namibia,NAM,2008,79
Namibia,NAM,2009,68
Namibia,NAM,2010,68
Namibia,NAM,2011,74
Namibia,NAM,2012,65
Namibia,NAM,2013,82
Namibia,NAM,2014,95
Namibia,NAM,2015,100
Namibia,NAM,2016,100
Namibia,NAM,2017,100
Namibia,NAM,2018,100
Namibia,NAM,2019,100
Namibia,NAM,2020,100
Nepal,NPL,2000,0
Nepal,NPL,2001,0
Nepal,NPL,2002,0
Nepal,NPL,2003,0
Nepal,NPL,2004,0
Nepal,NPL,2005,0
Nepal,NPL,2006,8
Nepal,NPL,2007,6
Nepal,NPL,2008,10
Nepal,NPL,2009,17
Nepal,NPL,2010,16
Nepal,NPL,2011,24
Nepal,NPL,2012,31
Nepal,NPL,2013,38
Nepal,NPL,2014,46
Nepal,NPL,2015,45
Nepal,NPL,2016,61
Nepal,NPL,2017,70
Nepal,NPL,2018,58
Nepal,NPL,2019,53
Nepal,NPL,2020,40
Nicaragua,NIC,2000,0
Nicaragua,NIC,2001,0
Nicaragua,NIC,2002,0
Nicaragua,NIC,2003,4
Nicaragua,NIC,2004,3
Nicaragua,NIC,2005,9
Nicaragua,NIC,2006,21
Nicaragua,NIC,2007,35
Nicaragua,NIC,2008,42
Nicaragua,NIC,2009,69
Nicaragua,NIC,2010,66
Nicaragua,NIC,2011,80
Nicaragua,NIC,2012,86
Nicaragua,NIC,2013,71
Nicaragua,NIC,2014,53
Nicaragua,NIC,2015,74
Nicaragua,NIC,2016,71
Nicaragua,NIC,2017,69
Nicaragua,NIC,2018,75
Nicaragua,NIC,2019,77
Nicaragua,NIC,2020,100
Niger,NER,2000,0
Niger,NER,2001,0
Niger,NER,2002,0
Niger,NER,2003,0
Niger,NER,2004,4
Niger,NER,2005,2
Niger,NER,2006,3
Niger,NER,2007,5
Niger,NER,2008,14
Niger,NER,2009,24
Niger,NER,2010,89
Niger,NER,2011,68
Niger,NER,2012,59
Niger,NER,2013,59
Niger,NER,2014,72
Niger,NER,2015,48
Niger,NER,2016,78
Niger,NER,2017,51
Niger,NER,2018,50
Niger,NER,2019,43
Niger,NER,2020,36
Nigeria,NGA,2000,0
Nigeria,NGA,2001,0
Nigeria,NGA,2002,0
Nigeria,NGA,2003,0
Nigeria,NGA,2004,0
Nigeria,NGA,2005,0
Nigeria,NGA,2006,14
Nigeria,NGA,2007,23
Nigeria,NGA,2008,28
Nigeria,NGA,2009,33
Nigeria,NGA,2010,31
Nigeria,NGA,2011,38
Nigeria,NGA,2012,46
Nigeria,NGA,2013,61
Nigeria,NGA,2014,72
Nigeria,NGA,2015,62
Nigeria,NGA,2016,65
Nigeria,NGA,2017,59
Nigeria,NGA,2018,51
Nigeria,NGA,2019,50
Nigeria,NGA,2020,44
North Macedonia,MKD,2000,0
North Macedonia,MKD,2001,0
North Macedonia,MKD,2002,0
North Macedonia,MKD,2003,0
North Macedonia,MKD,2004,0
North Macedonia,MKD,2005,0
North Macedonia,MKD,2006,0
North Macedonia,MKD,2007,0
North Macedonia,MKD,2008,0
North Macedonia,MKD,2009,0
North Macedonia,MKD,2010,0
Pakistan,PAK,2000,0
Pakistan,PAK,2001,0
Pakistan,PAK,2002,0
Pakistan,PAK,2003,0
Pakistan,PAK,2004,0
Pakistan,PAK,2005,0
Pakistan,PAK,2006,3
Pakistan,PAK,2007,2
Pakistan,PAK,2008,3
Pakistan,PAK,2009,3
Pakistan,PAK,2010,4
Pakistan,PAK,2011,9
Pakistan,PAK,2012,5
Pakistan,PAK,2013,11
Pakistan,PAK,2014,4
Pakistan,PAK,2015,13
Pakistan,PAK,2016,7
Pakistan,PAK,2017,10
Pakistan,PAK,2018,15
Pakistan,PAK,2019,19
Paraguay,PRY,2000,0
Paraguay,PRY,2001,0
Paraguay,PRY,2002,0
Paraguay,PRY,2003,0
Paraguay,PRY,2004,0
Paraguay,PRY,2005,0
Paraguay,PRY,2006,34
Paraguay,PRY,2007,43
Paraguay,PRY,2008,48
Paraguay,PRY,2009,46
Paraguay,PRY,2010,50
Paraguay,PRY,2011,67
Paraguay,PRY,2012,61
Paraguay,PRY,2013,58
Paraguay,PRY,2014,67
Paraguay,PRY,2015,57
Paraguay,PRY,2016,71
Paraguay,PRY,2017,71
Paraguay,PRY,2018,77
Paraguay,PRY,2019,94
Paraguay,PRY,2020,96
Peru,PER,2000,0
Peru,PER,2001,0
Peru,PER,2002,19
Peru,PER,2003,38
Peru,PER,2004,26
Peru,PER,2005,14
Peru,PER,2006,36
Peru,PER,2007,57
Peru,PER,2008,52
Peru,PER,2009,57
Peru,PER,2010,41
Peru,PER,2011,61
Peru,PER,2012,71
Peru,PER,2013,72
Peru,PER,2014,72
Peru,PER,2015,67
Peru,PER,2016,69
Peru,PER,2017,69
Peru,PER,2018,79
Peru,PER,2019,89
Peru,PER,2020,89
Philippines,PHL,2000,0
Philippines,PHL,2001,0
Philippines,PHL,2002,0
Philippines,PHL,2003,0
Philippines,PHL,2004,0
Philippines,PHL,2005,0
Philippines,PHL,2006,0
Philippines,PHL,2007,0
Philippines,PHL,2008,0
Philippines,PHL,2009,0
Philippines,PHL,2010,14
Philippines,PHL,2011,16
Philippines,PHL,2012,14
Philippines,PHL,2013,9
Philippines,PHL,2014,12
Philippines,PHL,2015,15
Philippines,PHL,2016,17
Philippines,PHL,2017,18
Philippines,PHL,2018,20
Philippines,PHL,2019,26
Philippines,PHL,2020,26
Portugal,PRT,2000,100
Portugal,PRT,2001,100
Portugal,PRT,2002,100
Portugal,PRT,2003,100
Portugal,PRT,2004,100
Portugal,PRT,2005,100
Portugal,PRT,2006,100
Portugal,PRT,2007,100
Portugal,PRT,2008,100
Portugal,PRT,2009,100
Portugal,PRT,2010,100
Portugal,PRT,2011,100
Portugal,PRT,2012,100
Portugal,PRT,2013,100
Portugal,PRT,2014,100
Portugal,PRT,2015,100
Portugal,PRT,2016,100
Portugal,PRT,2017,100
Portugal,PRT,2018,100
Portugal,PRT,2019,100
Portugal,PRT,2020,100
Qatar,QAT,2000,0
Qatar,QAT,2001,0
Qatar,QAT,2002,0
Qatar,QAT,2003,0
Qatar,QAT,2004,0
Qatar,QAT,2005,0
Rwanda,RWA,2000,0
Rwanda,RWA,2001,0
Rwanda,RWA,2002,0
Rwanda,RWA,2003,0
Rwanda,RWA,2004,32
Rwanda,RWA,2005,45
Rwanda,RWA,2006,57
Rwanda,RWA,2007,68
Rwanda,RWA,2008,71
Rwanda,RWA,2009,60
Rwanda,RWA,2010,59
Rwanda,RWA,2011,93
Rwanda,RWA,2012,82
Rwanda,RWA,2013,86
Rwanda,RWA,2014,92
Rwanda,RWA,2015,100
Rwanda,RWA,2016,89
Rwanda,RWA,2017,86
Rwanda,RWA,2018,87
Rwanda,RWA,2019,97
Rwanda,RWA,2020,98
Saudi Arabia,SAU,2000,0
Saudi Arabia,SAU,2001,0
Saudi Arabia,SAU,2002,0
Saudi Arabia,SAU,2003,0
Saudi Arabia,SAU,2004,0
Saudi Arabia,SAU,2005,0
Saudi Arabia,SAU,2006,0
Saudi Arabia,SAU,2007,0
Saudi Arabia,SAU,2008,0
Saudi Arabia,SAU,2009,0
Saudi Arabia,SAU,2010,0
Saudi Arabia,SAU,2011,41
Saudi Arabia,SAU,2012,0
Saudi Arabia,SAU,2013,55
Saudi Arabia,SAU,2014,45
Saudi Arabia,SAU,2015,60
Saudi Arabia,SAU,2016,68
Saudi Arabia,SAU,2017,55
Saudi Arabia,SAU,2018,45
Saudi Arabia,SAU,2019,38
Saudi Arabia,SAU,2020,37
Senegal,SEN,2000,0
Senegal,SEN,2001,0
Senegal,SEN,2002,0
Senegal,SEN,2003,0
Senegal,SEN,2004,0
Senegal,SEN,2005,1
Senegal,SEN,2006,6
Senegal,SEN,2007,10
Senegal,SEN,2008,15
Senegal,SEN,2009,26
Senegal,SEN,2010,21
Senegal,SEN,2011,26
Senegal,SEN,2012,32
Senegal,SEN,2013,48
Senegal,SEN,2014,43
Senegal,SEN,2015,56
Senegal,SEN,2016,60
Senegal,SEN,2017,58
Senegal,SEN,2018,69
Senegal,SEN,2019,74
Senegal,SEN,2020,74
Sierra Leone,SLE,2000,0
Sierra Leone,SLE,2001,0
Sierra Leone,SLE,2002,0
Sierra Leone,SLE,2003,0
Sierra Leone,SLE,2004,0
Sierra Leone,SLE,2005,1
Sierra Leone,SLE,2006,5
Sierra Leone,SLE,2007,6
Sierra Leone,SLE,2008,20
Sierra Leone,SLE,2009,17
Sierra Leone,SLE,2010,23
Sierra Leone,SLE,2011,30
Sierra Leone,SLE,2012,39
Sierra Leone,SLE,2013,34
Sierra Leone,SLE,2014,33
Sierra Leone,SLE,2015,40
Sierra Leone,SLE,2016,45
Sierra Leone,SLE,2017,46
Sierra Leone,SLE,2018,52
Sierra Leone,SLE,2019,48
Sierra Leone,SLE,2020,46
Somalia,SOM,2000,0
Somalia,SOM,2001,0
Somalia,SOM,2002,0
Somalia,SOM,2003,0
Somalia,SOM,2004,0
Somalia,SOM,2005,0
Somalia,SOM,2006,0
Somalia,SOM,2007,1
Somalia,SOM,2008,0
Somalia,SOM,2009,0
Somalia,SOM,2010,0
Somalia,SOM,2011,4
Somalia,SOM,2012,7
Somalia,SOM,2013,4
Somalia,SOM,2014,7
Somalia,SOM,2015,16
Somalia,SOM,2016,18
Somalia,SOM,2017,21
Somalia,SOM,2018,25
Somalia,SOM,2019,30
Somalia,SOM,2020,33
South Africa,ZAF,2000,0
South Africa,ZAF,2001,1
South Africa,ZAF,2002,4
South Africa,ZAF,2003,8
South Africa,ZAF,2004,15
South Africa,ZAF,2005,25
South Africa,ZAF,2006,34
South Africa,ZAF,2007,46
South Africa,ZAF,2008,59
South Africa,ZAF,2009,73
South Africa,ZAF,2010,71
South Africa,ZAF,2011,88
South Africa,ZAF,2012,90
South Africa,ZAF,2013,96
South Africa,ZAF,2014,96
South Africa,ZAF,2015,97
South Africa,ZAF,2016,97
South Africa,ZAF,2017,93
South Africa,ZAF,2018,95
South Africa,ZAF,2019,96
South Africa,ZAF,2020,97
South Sudan,SSD,2000,0
South Sudan,SSD,2001,0
South Sudan,SSD,2002,0
South Sudan,SSD,2003,0
South Sudan,SSD,2004,0
South Sudan,SSD,2005,0
South Sudan,SSD,2006,0
South Sudan,SSD,2007,0
South Sudan,SSD,2008,1
South Sudan,SSD,2009,2
South Sudan,SSD,2010,8
South Sudan,SSD,2011,12
South Sudan,SSD,2012,13
South Sudan,SSD,2013,23
South Sudan,SSD,2014,21
South Sudan,SSD,2015,46
South Sudan,SSD,2016,30
South Sudan,SSD,2017,57
South Sudan,SSD,2018,58
South Sudan,SSD,2019,44
South Sudan,SSD,2020,44
Sub-Saharan Africa,,2000,0
Sub-Saharan Africa,,2001,0
Sub-Saharan Africa,,2002,1
Sub-Saharan Africa,,2003,4
Sub-Saharan Africa,,2004,7
Sub-Saharan Africa,,2005,15
Sub-Saharan Africa,,2006,24
Sub-Saharan Africa,,2007,36
Sub-Saharan Africa,,2008,47
Sub-Saharan Africa,,2009,55
Sub-Saharan Africa,,2010,45
Sub-Saharan Africa,,2011,60
Sub-Saharan Africa,,2012,70
Sub-Saharan Africa,,2013,78
Sub-Saharan Africa,,2014,81
Sub-Saharan Africa,,2015,83
Sub-Saharan Africa,,2016,84
Sub-Saharan Africa,,2017,83
Sub-Saharan Africa,,2018,84
Sub-Saharan Africa,,2019,85
Sub-Saharan Africa,,2020,85
Sudan,SDN,2000,0
Sudan,SDN,2001,0
Sudan,SDN,2002,0
Sudan,SDN,2003,0
Sudan,SDN,2004,0
Sudan,SDN,2005,0
Sudan,SDN,2006,0
Sudan,SDN,2007,1
Sudan,SDN,2008,3
Sudan,SDN,2009,2
Sudan,SDN,2010,4
Sudan,SDN,2011,4
Sudan,SDN,2012,5
Sudan,SDN,2013,4
Sudan,SDN,2014,6
Sudan,SDN,2015,6
Sudan,SDN,2016,5
Sudan,SDN,2017,7
Sudan,SDN,2018,6
Sudan,SDN,2019,4
Sudan,SDN,2020,3
Suriname,SUR,2000,0
Suriname,SUR,2001,0
Suriname,SUR,2002,0
Suriname,SUR,2003,2
Suriname,SUR,2004,12
Suriname,SUR,2005,36
Suriname,SUR,2006,53
Suriname,SUR,2007,74
Suriname,SUR,2008,72
Suriname,SUR,2009,70
Suriname,SUR,2010,67
Suriname,SUR,2011,100
Suriname,SUR,2012,100
Suriname,SUR,2013,100
Suriname,SUR,2014,100
Suriname,SUR,2015,100
Suriname,SUR,2016,100
Suriname,SUR,2017,95
Suriname,SUR,2018,94
Suriname,SUR,2019,93
Suriname,SUR,2020,100
Tajikistan,TJK,2000,0
Tajikistan,TJK,2001,0
Tajikistan,TJK,2002,0
Tajikistan,TJK,2003,0
Tajikistan,TJK,2004,0
Tajikistan,TJK,2005,0
Tajikistan,TJK,2006,6
Tajikistan,TJK,2007,10
Tajikistan,TJK,2008,17
Tajikistan,TJK,2009,14
Tajikistan,TJK,2010,17
Tajikistan,TJK,2011,21
Tajikistan,TJK,2012,24
Tajikistan,TJK,2013,27
Tajikistan,TJK,2014,37
Tajikistan,TJK,2015,37
Tajikistan,TJK,2016,38
Tajikistan,TJK,2017,30
Tajikistan,TJK,2018,34
Tajikistan,TJK,2019,23
Tajikistan,TJK,2020,33
Tanzania,TZA,2000,0
Tanzania,TZA,2001,0
Tanzania,TZA,2002,0
Tanzania,TZA,2003,0
Tanzania,TZA,2004,1
Tanzania,TZA,2005,14
Tanzania,TZA,2006,18
Tanzania,TZA,2007,51
Tanzania,TZA,2008,60
Tanzania,TZA,2009,69
Tanzania,TZA,2010,48
Tanzania,TZA,2011,62
Tanzania,TZA,2012,85
Tanzania,TZA,2013,84
Tanzania,TZA,2014,79
Tanzania,TZA,2015,75
Tanzania,TZA,2016,72
Tanzania,TZA,2017,81
Tanzania,TZA,2018,83
Tanzania,TZA,2019,81
Tanzania,TZA,2020,84
Thailand,THA,2000,19
Thailand,THA,2001,22
Thailand,THA,2002,31
Thailand,THA,2003,48
Thailand,THA,2004,52
Thailand,THA,2005,85
Thailand,THA,2006,86
Thailand,THA,2007,90
Thailand,THA,2008,92
Thailand,THA,2009,94
Thailand,THA,2010,94
Thailand,THA,2011,94
Thailand,THA,2012,94
Thailand,THA,2013,94
Thailand,THA,2014,95
Thailand,THA,2015,96
Thailand,THA,2016,97
Thailand,THA,2017,97
Thailand,THA,2018,98
Thailand,THA,2019,97
Thailand,THA,2020,98
Togo,TGO,2000,0
Togo,TGO,2001,0
Togo,TGO,2002,0
Togo,TGO,2003,1
Togo,TGO,2004,2
Togo,TGO,2005,4
Togo,TGO,2006,8
Togo,TGO,2007,9
Togo,TGO,2008,15
Togo,TGO,2009,20
Togo,TGO,2010,29
Togo,TGO,2011,59
Togo,TGO,2012,64
Togo,TGO,2013,66
Togo,TGO,2014,68
Togo,TGO,2015,72
Togo,TGO,2016,78
Togo,TGO,2017,64
Togo,TGO,2018,72
Togo,TGO,2019,73
Togo,TGO,2020,64
Tunisia,TUN,2000,0
Tunisia,TUN,2001,0
Tunisia,TUN,2002,9
Tunisia,TUN,2003,13
Tunisia,TUN,2004,5
Tunisia,TUN,2005,0
Tunisia,TUN,2006,1
Tunisia,TUN,2007,4
Tunisia,TUN,2008,7
Tunisia,TUN,2009,7
Tunisia,TUN,2010,23
Tunisia,TUN,2011,26
Tunisia,TUN,2012,24
Tunisia,TUN,2013,31
Tunisia,TUN,2014,66
Tunisia,TUN,2015,40
Tunisia,TUN,2016,28
Tunisia,TUN,2017,24
Tunisia,TUN,2018,25
Tunisia,TUN,2019,36
Tunisia,TUN,2020,54
Uganda,UGA,2000,0
Uganda,UGA,2001,0
Uganda,UGA,2002,0
Uganda,UGA,2003,4
Uganda,UGA,2004,10
Uganda,UGA,2005,16
Uganda,UGA,2006,24
Uganda,UGA,2007,31
Uganda,UGA,2008,48
Uganda,UGA,2009,53
Uganda,UGA,2010,32
Uganda,UGA,2011,54
Uganda,UGA,2012,87
Uganda,UGA,2013,96
Uganda,UGA,2014,100
Uganda,UGA,2015,100
Uganda,UGA,2016,100
Uganda,UGA,2017,100
Uganda,UGA,2018,100
Uganda,UGA,2019,100
Uganda,UGA,2020,100
Ukraine,UKR,2000,0
Ukraine,UKR,2001,14
Ukraine,UKR,2002,28
Ukraine,UKR,2003,39
Ukraine,UKR,2004,46
Ukraine,UKR,2005,56
Ukraine,UKR,2006,65
Ukraine,UKR,2007,37
Ukraine,UKR,2008,78
Ukraine,UKR,2009,78
Ukraine,UKR,2010,79
Ukraine,UKR,2011,85
Ukraine,UKR,2012,85
Ukraine,UKR,2013,93
Ukraine,UKR,2014,93
Ukraine,UKR,2015,87
Ukraine,UKR,2016,88
Ukraine,UKR,2017,90
Ukraine,UKR,2018,95
Ukraine,UKR,2019,93
Ukraine,UKR,2020,95
United Arab Emirates,ARE,2000,0
United Arab Emirates,ARE,2001,0
United Arab Emirates,ARE,2002,0
United Arab Emirates,ARE,2003,0
United Arab Emirates,ARE,2004,0
United Arab Emirates,ARE,2005,0
United Arab Emirates,ARE,2006,0
Uruguay,URY,2000,61
Uruguay,URY,2001,59
Uruguay,URY,2002,69
Uruguay,URY,2003,72
Uruguay,URY,2004,72
Uruguay,URY,2005,99
Uruguay,URY,2006,79
Uruguay,URY,2007,84
Uruguay,URY,2008,79
Uruguay,URY,2009,75
Uruguay,URY,2010,83
Uruguay,URY,2011,94
Uruguay,URY,2012,96
Uruguay,URY,2013,83
Uruguay,URY,2014,88
Uruguay,URY,2015,72
Uruguay,URY,2016,83
Uruguay,URY,2017,84
Uruguay,URY,2018,91
Uzbekistan,UZB,2000,0
Uzbekistan,UZB,2001,0
Uzbekistan,UZB,2002,0
Uzbekistan,UZB,2003,0
Uzbekistan,UZB,2004,0
Uzbekistan,UZB,2005,0
Uzbekistan,UZB,2006,0
Uzbekistan,UZB,2007,0
Uzbekistan,UZB,2008,0
Uzbekistan,UZB,2009,1
Uzbekistan,UZB,2010,15
Uzbekistan,UZB,2011,26
Uzbekistan,UZB,2012,68
Uzbekistan,UZB,2013,72
Uzbekistan,UZB,2014,80
Uzbekistan,UZB,2015,63
Uzbekistan,UZB,2016,86
Uzbekistan,UZB,2017,74
Uzbekistan,UZB,2018,87
Uzbekistan,UZB,2019,91
Uzbekistan,UZB,2020,89
Venezuela,VEN,2000,0
Venezuela,VEN,2001,17
Venezuela,VEN,2002,8
Venezuela,VEN,2003,6
Venezuela,VEN,2004,8
Venezuela,VEN,2005,7
Venezuela,VEN,2006,15
Venezuela,VEN,2007,18
Venezuela,VEN,2008,16
Venezuela,VEN,2009,11
Venezuela,VEN,2010,14
Venezuela,VEN,2011,14
Venezuela,VEN,2012,18
Venezuela,VEN,2013,22
Venezuela,VEN,2014,28
Venezuela,VEN,2015,29
Venezuela,VEN,2016,31
Venezuela,VEN,2017,26
Venezuela,VEN,2018,30
Venezuela,VEN,2019,22
Venezuela,VEN,2020,30
Vietnam,VNM,2000,0
Vietnam,VNM,2001,0
Vietnam,VNM,2002,3
Vietnam,VNM,2003,11
Vietnam,VNM,2004,12
Vietnam,VNM,2005,23
Vietnam,VNM,2006,43
Vietnam,VNM,2007,56
Vietnam,VNM,2008,62
Vietnam,VNM,2009,73
Vietnam,VNM,2010,61
Vietnam,VNM,2011,52
Vietnam,VNM,2012,54
Vietnam,VNM,2013,49
Vietnam,VNM,2014,67
Vietnam,VNM,2015,70
Vietnam,VNM,2016,78
Vietnam,VNM,2017,82
Vietnam,VNM,2018,83
Vietnam,VNM,2019,91
Vietnam,VNM,2020,90
World,OWID_WRL,2000,1
World,OWID_WRL,2001,1
World,OWID_WRL,2002,3
World,OWID_WRL,2003,5
World,OWID_WRL,2004,9
World,OWID_WRL,2005,17
World,OWID_WRL,2006,25
World,OWID_WRL,2007,36
World,OWID_WRL,2008,47
World,OWID_WRL,2009,55
World,OWID_WRL,2010,45
World,OWID_WRL,2011,58
World,OWID_WRL,2012,68
World,OWID_WRL,2013,76
World,OWID_WRL,2014,81
World,OWID_WRL,2015,83
World,OWID_WRL,2016,83
World,OWID_WRL,2017,83
World,OWID_WRL,2018,84
World,OWID_WRL,2019,86
World,OWID_WRL,2020,85
Yemen,YEM,2000,0
Yemen,YEM,2001,0
Yemen,YEM,2002,0
Yemen,YEM,2003,0
Yemen,YEM,2004,0
Yemen,YEM,2005,0
Yemen,YEM,2006,0
Yemen,YEM,2007,1
Yemen,YEM,2008,1
Yemen,YEM,2009,7
Yemen,YEM,2010,9
Yemen,YEM,2011,3
Yemen,YEM,2012,6
Yemen,YEM,2013,7
Yemen,YEM,2014,0
Yemen,YEM,2015,3
Yemen,YEM,2016,0
Yemen,YEM,2017,3
Yemen,YEM,2018,3
Yemen,YEM,2019,7
Yemen,YEM,2020,3
Zambia,ZMB,2000,0
Zambia,ZMB,2001,0
Zambia,ZMB,2002,0
Zambia,ZMB,2003,0
Zambia,ZMB,2004,10
Zambia,ZMB,2005,27
Zambia,ZMB,2006,37
Zambia,ZMB,2007,41
Zambia,ZMB,2008,59
Zambia,ZMB,2009,69
Zambia,ZMB,2010,58
Zambia,ZMB,2011,61
Zambia,ZMB,2012,65
Zambia,ZMB,2013,98
Zambia,ZMB,2014,94
Zambia,ZMB,2015,79
Zambia,ZMB,2016,78
Zambia,ZMB,2017,83
Zambia,ZMB,2018,79
Zambia,ZMB,2019,81
Zambia,ZMB,2020,80
Zimbabwe,ZWE,2000,0
Zimbabwe,ZWE,2001,0
Zimbabwe,ZWE,2002,2
Zimbabwe,ZWE,2003,9
Zimbabwe,ZWE,2004,8
Zimbabwe,ZWE,2005,12
Zimbabwe,ZWE,2006,14
Zimbabwe,ZWE,2007,22
Zimbabwe,ZWE,2008,37
Zimbabwe,ZWE,2009,45
Zimbabwe,ZWE,2010,30
Zimbabwe,ZWE,2011,49
Zimbabwe,ZWE,2012,77
Zimbabwe,ZWE,2013,76
Zimbabwe,ZWE,2014,83
Zimbabwe,ZWE,2015,83
Zimbabwe,ZWE,2016,89
Zimbabwe,ZWE,2017,92
Zimbabwe,ZWE,2018,94
Zimbabwe,ZWE,2019,94
Zimbabwe,ZWE,2020,87
