﻿State/UT,District,Women heard of HIV/AIDS (%),Women who knew that consistent condom use can reduce the chances of getting HIV/AIDS (%),Women having correct knwoledge of HIV/ AIDS (%),Women underwent test for detecting HIV/ AIDS (%),Women heard of  RTI/STI (%)
Andaman and Nicober Island, North & Middle Andaman  ,82.1,58.4,97,3.8,44
Andaman and Nicober Island, South Andaman  ,97.2,46.3,96.5,2.3,42.1
Andhra Pradesh,Adilabad,70.6,22.9,97.5,3,17.2
Andhra Pradesh,Anantapur,90.9,10.2,100,3.5,35.3
Andhra Pradesh,Chittoor,87.4,41.7,92.2,5.6,28.1
Andhra Pradesh,East Godavari,93.2,15.7,97.9,4.9,41.1
Andhra Pradesh,Guntur,91.7,16.3,99.4,3.3,39.8
Andhra Pradesh,Hyderabad,98.2,16.3,99.8,4,42.2
Andhra Pradesh,Kadapa,90.4,5.2,98.5,0.8,30.6
Andhra Pradesh,Karimnagar,94.5,32,99.3,2.7,26.8
Andhra Pradesh,Khammam,79.1,36.9,89,4.9,17.9
Andhra Pradesh,Krishna,90.3,13.5,100,2.8,37.7
Andhra Pradesh,Kurnool,67.6,33.1,94.9,0,14.3
Andhra Pradesh,Mahbubnagar,95.2,2.4,98.3,4.3,41.1
Andhra Pradesh,Medak,88.8,11.9,95.4,3.6,34.2
Andhra Pradesh,Nalgonda,91,5.8,97.3,3.1,33.2
Andhra Pradesh,Nellore,92.6,11.2,100,0.4,38.5
Andhra Pradesh,Nizamabad,91.6,29.8,96.6,4.6,20.1
Andhra Pradesh,Prakasam,95.5,14.7,97.7,0.8,31.3
Andhra Pradesh,Rangareddy,91.2,5.2,95.5,6,20.4
Andhra Pradesh,Srikakulam,86.4,20.2,99.4,4.3,33.4
Andhra Pradesh,Visakhapatnam,74.8,24.7,98,16.7,33.3
Andhra Pradesh,Vizianagaram,83.2,18,94,7.6,36.4
Andhra Pradesh,Warangal,98,15.5,98.4,4.6,34.9
Andhra Pradesh,West Godavari,97.3,41,98.7,1.4,30.6
Arunachal pradesh,Anjaw,86.1,52.3,94.5,1.6,18.6
Arunachal pradesh,Changlang,93.3,60.1,97.6,1.9,18.1
Arunachal pradesh,Dibang Valley,97.1,60.1,99,0.5,37.4
Arunachal pradesh,East Kameng,73.3,37.6,98.6,3.9,14.2
Arunachal pradesh,East Siang ,90.6,64.5,97.5,5.2,39.1
Arunachal pradesh,Kurung Kumey,85.6,56.5,99.8,0.4,12.9
Arunachal pradesh,Lohit,95.2,67.4,98.8,0.9,7.3
Arunachal pradesh,Lower Dibang Valley,95.6,57.4,98.8,0.7,41.3
Arunachal pradesh,Lower subansiri,83.9,36.9,99.2,1.6,10.1
Arunachal pradesh,Papum pare,89,52.8,99.6,13,39.8
Arunachal pradesh,Tawang,89.8,73.5,95.5,2.7,27.5
Arunachal pradesh,Tirap,88.4,47.8,98.9,0,18.1
Arunachal pradesh,Upper Siang,81.7,52.5,98.5,1.5,23.7
Arunachal pradesh,Upper subansiri,77.7,64.7,98.9,6.8,25.8
Arunachal pradesh,West Kameng,92.7,72.8,93.6,0.5,26.2
Arunachal pradesh,West Siang,76,72.6,98.3,13.9,36.8
Assam,Barpeta,79.4,30.2,79.2,0,6.8
Assam,Baska,62.1,32.2,93.9,0.4,4
Assam,Bongaigaon,73.8,32.6,85.6,0,9.8
Assam,Cacher,62.5,38.5,79.5,0,44.1
Assam,Chirang,44.3,31.4,94.6,0.5,5.4
Assam,Darrang,83.4,27.6,69.8,0,5.1
Assam,Dhemaji,86.1,23,83.2,2.1,22.4
Assam,Dibrugarh,86.6,35.5,89,0.3,11.5
Assam,Dubri,54.5,23.1,83.2,0,4
Assam,Goalpara,80.8,24,76.9,0,9.2
Assam,Golaghat,77.6,39.9,89.7,0.8,12.4
Assam,Hailakandi,54.1,31.6,72.5,0,51.5
Assam,Jorhat,90.5,25.6,84.9,0.4,7.9
Assam,Kamrup,88.1,38.2,93.1,0,12.7
Assam,Kamrup metro,87.6,37.3,89.3,0.1,11
Assam,Karbianglong,70.1,26.3,94.9,0.2,3.1
Assam,Karimganj,52.3,29.6,71.3,0.1,41.1
Assam,Kokrajhar,56.8,36.7,95.8,0,11
Assam,Likhimpur,81.6,23.7,84.8,0.6,16.9
Assam,Marigaon,79.9,30.1,91.6,0,3.9
Assam,Nagaon,79.5,30.3,79.4,0,8.8
Assam,Nalbari,72.2,37.4,93.3,0,6.4
Assam,North Cachar Hills,79.9,42.9,85.6,0,16.9
Assam,Sibsagar,83.5,38.3,82,0.6,14.8
Assam,Sonitpur,68,40.2,75.9,0,8.5
Assam,Tinsukia,68.6,34.7,85.6,0.3,11.5
Assam,Udalguri,73.2,22.9,71.5,0,7.5
Bihar,Araria,29.5,50,81.4,0,24.3
Bihar,Aurangabad,48.3,21.6,93.5,0,47
Bihar,Banka,42.3,46.2,79.3,0,23.7
Bihar,Begusarai,45.6,36.2,83.5,0,17.4
Bihar,Bhagalpur,57.5,28.7,85.5,1.5,23.6
Bihar,Bhojpur,57.2,27.9,94.2,0.6,25
Bihar,Buxar,65,30,91.1,0,57.2
Bihar,Darbhanga,44.2,27.5,80.6,0.9,14.5
Bihar,Gaya,55.1,18,94.4,0,42.7
Bihar,Gopalgunj,31,32.1,87.2,0,28.6
Bihar,Jamui,41.7,23.6,89,0,29.7
Bihar,Jehanabad,66.8,22.3,89.4,1.2,35.6
Bihar,Kaimur,60.2,28.4,96.6,0,42.9
Bihar,Katihar,37.6,31.1,92.7,0,15.2
Bihar,Khagaria,54.3,39.7,97.1,1.3,35.9
Bihar,Kishangunj,38.9,26.1,84.8,1.2,19.2
Bihar,Lakhisarai,52.8,21.5,92,5,24.4
Bihar,Madhepura,39.4,43,87.1,0,29.8
Bihar,Madhubani,30.3,24.2,98.6,0,9.5
Bihar,Munger,79,31.5,95.6,0,51.5
Bihar,Muzaffarpur,46,29.5,88.5,0,25
Bihar,Nalanda,73.7,27.6,94.8,0.7,31.9
Bihar,Nawada,53,25.5,92.4,0,31.5
Bihar,Paschim Champaran,36.6,22.6,98.4,0,11.8
Bihar,Patna,84.6,35.8,98,0,44.9
Bihar,Purba Champaran,41.7,52.9,96.2,1.4,21.6
Bihar,Purnia,28.8,35.1,95.9,0,11.7
Bihar,Rohtas,57.9,41.5,92.8,0,44.5
Bihar,Saharsa,46.3,29,91.2,0,9.6
Bihar,Samastipur,38.1,36.6,90.4,0,26.3
Bihar,Sapaul,38.2,33.6,88.8,0,12.2
Bihar,Saran,59.8,36.4,90.4,0,13.3
Bihar,Sheikhpura,51.4,34.4,94.8,0,38.3
Bihar,Sheohar,31.8,48.3,89.8,0.5,24.3
Bihar,Sitamarhi,40.7,40.8,87.3,5,25.1
Bihar,Siwan,50.2,35.7,83.6,0,20.6
Bihar,Vaishali,81.5,25.5,93.7,0.4,43.2
Chandigarh,Chandigarh,96,56.1,100,0,46.6
Chhattigarh,Bastar,31.7,43,88.2,0,27
Chhattigarh,Bilaspur,72.2,51.3,88.3,0,23.3
Chhattigarh,Dantewara,34.3,52.1,89,0,14.1
Chhattigarh,Dhamtari,77,50.8,96.3,0.4,22.2
Chhattigarh,Durg,88.5,43.2,97.6,0.3,24.3
Chhattigarh,Janjgir,81.8,35.9,93,0.4,46.9
Chhattigarh,Jashpur,57.1,32.8,89,0,28.3
Chhattigarh,Kanker,54.7,48.2,94.1,0,27
Chhattigarh,Kawardha,45.5,53.2,83.3,0,22
Chhattigarh,Korba,74.7,39.7,95.1,0,41.7
Chhattigarh,Koriya,63.7,44.2,93.2,1.1,32.6
Chhattigarh,Mahasamund,73,41.5,94,0,31
Chhattigarh,Raigarh,69.9,42.9,93.2,0,23.4
Chhattigarh,Raipur,75,50.7,95.1,0.4,26
Chhattigarh,Rajnand Gaon,69,40.8,94.4,0,17
Chhattigarh,Sarguja,55.7,20.3,89.2,0,33.1
Dadra & Nagar Haveli,Dadra & Nagar Haveli,66.7,34.8,97.3,1.6,35.2
Daman and Diu,Daman ,93.5,49.7,97.1,0.5,37.5
Daman and Diu,Diu,79.3,34.8,92.4,0.5,23
Delhi,Central,91.5,43.3,96.7,2.2,46.4
Delhi,East,96,33.6,95.2,2.3,42.8
Delhi,New Delhi,95.7,55.2,99.4,3.5,50.5
Delhi,North Delhi,94.4,48.5,97,2,46.1
Delhi,North East,89.1,42.9,98.2,1.5,36.7
Delhi,North West,89.8,56.8,97.8,2.1,40.4
Delhi,South,91.8,61.3,95.6,2.9,35.8
Delhi,South West,91.4,44.3,98.3,0.6,42.8
Delhi,West,92.8,63.8,95.4,5.4,50.2
Goa,North Goa,97.5,43.5,97.1,0.7,45.8
Goa,South Goa,94.4,56.3,98.7,1,35.7
Gujrat,Ahmedabad,76.3,39.4,97.3,0.9,32
Gujrat,Amreli,71,28.2,96.5,1,23.3
Gujrat,Anand,82.8,47.3,93.3,0.1,37.1
Gujrat,Banaskantha,51.5,50.4,97,0,23.9
Gujrat,Bharuch,68.1,31.7,98.4,3.8,32.4
Gujrat,Bhavnagar,56,36.1,94.3,0,21.2
Gujrat,Dahod,53.1,36,97.7,0.5,9.3
Gujrat,Gandhinagar,86.5,49.7,97.6,1.9,35.5
Gujrat,Jamnagar,62.5,30.5,94.3,2.9,28.6
Gujrat,junagadh,67.7,54.7,95.3,0,27.5
Gujrat,Kachchh,52.2,46.7,93,0,20.2
Gujrat,Kheda,77.7,41.7,98.2,0,33.9
Gujrat,Mahesana,81,37.5,96,0.4,37.5
Gujrat,Narmada,57.7,40.2,92,0,22.9
Gujrat,Navsari,86.2,52.3,92.4,1,45
Gujrat,Panch Mahals,68.6,52.2,98.9,0,25.6
Gujrat,Patan,68.4,42.8,95,0,31.7
Gujrat,Porbandar,67.4,29.5,94.1,0.9,19.7
Gujrat,Rajkot,76,53.3,94.4,0.9,36.5
Gujrat,Sabarkantha,68.1,38.7,90.9,0,24.3
Gujrat,Surat,83.5,44.4,94.1,0.4,33.6
Gujrat,Surendranagar,69.2,27.8,97,0,42.4
Gujrat,The Dangs,45.3,39.2,96.7,1.2,28.4
Gujrat,Vadodara,55.9,42,94.9,0,21.7
Gujrat,Valsad,77.6,45.2,98.8,0,36.6
Haryana,Ambala,93.8,61.5,94.3,1.7,31.5
Haryana,Bhiwani,81.6,30.6,89.8,0,25.1
Haryana,Faridabad,68.6,25.3,78.9,0.7,32.7
Haryana,Fatehabad,66.9,40.3,79,1.6,25.9
Haryana,Gurgaon,81.3,30.8,84.9,0,26.4
Haryana,Hisar,77.5,25.6,87.5,0,38.9
Haryana,Jhajjar,88.4,29.1,88.1,0.7,48.8
Haryana,Jind,85.3,26.2,95.5,1.4,32.4
Haryana,Kaithal,84.3,31.7,96.5,0,30.5
Haryana,Karnal,96.6,20.6,86.6,1.3,44.1
Haryana,Kurukshetra,96.4,26.3,94.4,0.3,40.4
Haryana,Mahendragarh,85.9,24.3,83.4,0,35.9
Haryana,Mewat,23.8,36.7,79.1,0,19.1
Haryana,Panchkula,96.9,38.2,96.3,0.1,56.3
Haryana,Panipat,84.7,27.5,86.2,0,41.7
Haryana,Rewari,90.4,49.1,97.1,2.8,42
Haryana,Rohtak,91,34.4,95.2,0.6,37.5
Haryana,Sirsa,79.9,46.5,93,1.2,31.7
Haryana,Sonipat,93,31.9,90.2,0,42.9
Haryana,Yamunanagar,89.9,43.4,96,1.3,48
Himachal Pradesh,Bilaspur,97.7,61.5,99.7,0.6,32.8
Himachal Pradesh,Chamba,84.1,39.7,97.8,0.8,33.2
Himachal Pradesh,Hamirpur,98.3,69.7,100,0.3,33.3
Himachal Pradesh,Kangra,97.5,66.7,99.2,0.3,34.7
Himachal Pradesh,Kinaur,96.1,60.3,95,0.4,40.8
Himachal Pradesh,Kullu,93.8,62.7,98.8,0,47.3
Himachal Pradesh,Lahul spith,90.2,49.3,94.7,1.8,48.9
Himachal Pradesh,Mandi,90.1,50.2,98.3,0.3,22.5
Himachal Pradesh,Shimla,91.2,54.6,97.2,5.3,44.5
Himachal Pradesh,Sirmaur,90.5,56.7,96.8,0.9,32.3
Himachal Pradesh,Solan,96.2,59.3,98,0.4,42.9
Himachal Pradesh,Una,98.3,55.8,98.9,1,59.4
J & K,Anantnag,86.6,10.5,68.6,0,15.8
J & K,Badgam,73.4,7.1,85.9,0.3,27.4
J & K,Baramula,83.3,12.1,92.2,0.9,59.3
J & K,Doda,69.4,34.4,92.8,0,15.8
J & K,Jammu,93.7,21.4,97.9,1.2,34.1
J & K,Kargil,52.9,12.2,68.7,0,9.8
J & K,Kathua,90.5,20.8,92.3,0.4,28.3
J & K,Kupwara,67.2,10.5,79.6,0,26
J & K,Leh,95.2,45,97.7,0,28.9
J & K,Pulwama,76.4,4.7,80.8,0,23.8
J & K,Punch,76.7,11.6,97.3,1,12.5
J & K,Rajauri,74.4,58.7,83.3,0,3.4
J & K,Srinagar,81.7,8.2,94.1,1,32.9
J & K,Udhampur,60.2,55.6,90.1,0.3,8.5
Jharkhand,Bokaro,70,56,97.4,0.3,27.6
Jharkhand,Chatra,56.7,39,91.1,0,11.8
Jharkhand,Deoghar,41.2,33,94.9,3.1,8.4
Jharkhand,Dhanbad,60.9,42.3,85.7,0,25.6
Jharkhand,Dumka,50.8,3.8,93.1,0,12.3
Jharkhand,East Singh Bhumi,83.6,44.5,96.6,1.3,18
Jharkhand,Garhwa,42.1,28.1,97.7,0,10.9
Jharkhand,Girdih,38.4,19.7,90,0,10
Jharkhand,Godda,31,48.9,98,2.2,7.7
Jharkhand,Gumla,53.5,29.8,95.1,0,25.6
Jharkhand,Hazaribag,76,26.3,89.8,0.8,24.8
Jharkhand,Jamtara,38.8,48.3,90.2,0,8.8
Jharkhand,Kodarma,54.5,29.4,91,1.1,21.7
Jharkhand,Latehar,49.5,30.9,91.9,0,18.1
Jharkhand,Lohardaga,63.8,27.7,95.3,1,20.7
Jharkhand,Pakur,27.8,13.1,98.1,1,4.3
Jharkhand,Palamu,57.6,28.8,94.8,1.2,16.6
Jharkhand,Ranchi,76.5,48.5,96.6,0.5,30.5
Jharkhand,Sahebganj,27,40.9,95.1,0,25.3
Jharkhand,Saraikela,53.9,25.6,90.7,2.6,14.7
Jharkhand,Simdega,38.5,29.7,98.2,0.5,23.5
Jharkhand,West Singh Bhumi,53.5,59.2,93.1,0.2,10.7
Karnataka,Bagalkot,94.7,19.9,97,15.8,54.5
Karnataka,Bangalore Rural,98.9,24.7,99.1,0.9,42.7
Karnataka,Bangalore Urban,98.1,45.8,98.2,4.7,43.6
Karnataka,Belgaum,92.1,18.8,89.8,13.9,59.1
Karnataka,Bellary,83.3,13.9,80.1,14.2,37.5
Karnataka,Bidar,92.1,21.1,90.9,5,28.7
Karnataka,Bijapur,90.9,15.8,94.3,4.3,51.9
Karnataka,Chamarajnagar,94.1,22.6,90.9,6.4,31.3
Karnataka,Chikmagalur,97.8,29.3,91.6,8.8,30.4
Karnataka,Chitradurga,95.6,18.1,96.5,4.8,47.8
Karnataka,Dakshina Kannada,98.4,95.6,97.4,19.5,74.6
Karnataka,Davanagere,90.5,11.8,94.4,11.8,44.4
Karnataka,Dharwad,96,28.1,95,13,50.9
Karnataka,Gadag,93.6,7.5,94.1,1.5,32.8
Karnataka,Gulbarga,84.2,20,90.7,3.6,36.8
Karnataka,Hassan,94.3,8.9,94.6,5.6,57.6
Karnataka,Haveri,88.4,9.3,95.1,7,52.8
Karnataka,Kodagu,89.3,23.4,97.6,6.1,41.3
Karnataka,Kolar,89.4,11.9,82.5,0,28.4
Karnataka,Koppal,75.9,6.1,86.6,1.9,24.7
Karnataka,Mandya,93.6,29.5,94.4,7.9,29.7
Karnataka,Mysore,88.3,8.3,93.2,1.3,24.1
Karnataka,Raichur,90,17.4,90.9,8.8,48.5
Karnataka,Shimoga,93,19.3,97.6,12,44
Karnataka,Tumkur,91.2,17,97,8.6,34.6
Karnataka,Udupi,100,35.4,95.4,10.9,45.8
Karnataka,Uttara Kannada,92.6,26.5,90.3,10.2,47
Kerala,Alappuzha,,,,0,
Kerala,Ernakulam,,,,0,
Kerala,Idukki,,,,0,
Kerala,Kannur,,,,0,
Kerala,Kasargod,,,,0,
Kerala,Kollam,,,,0,
Kerala,Kottayam,,,,0,
Kerala,Kozhikode,,,,0,
Kerala,Malappuram,,,,0,
Kerala,Palakkad,,,,0,
Kerala,Pathanamthitta,,,,0,
Kerala,Thiruvananthapuram,,,,0,
Kerala,Thrissur,,,,0,
Kerala,Wayanad,,,,0,
Lakshadweep,Lakshadweep,94.5,20.3,97.7,0.4,58.3
Madhya Pradesh,Balaghat,61.4,48.6,93.9,0.5,21.8
Madhya Pradesh,Barwani,47.1,11,92.2,0,17.9
Madhya Pradesh,Betul,65.6,46.6,87.7,0.5,33.2
Madhya Pradesh,Bhind,55.6,34.7,95.8,0,15.9
Madhya Pradesh,Bhopal,83,48.5,95,0,12.3
Madhya Pradesh,Chhatarpur,56.8,16.1,85.6,0,30
Madhya Pradesh,Chhindwara,55,47.3,94.4,1.3,22.6
Madhya Pradesh,Damoh,57.2,40.6,81,0.6,14.2
Madhya Pradesh,Datia,64.7,28.8,93,0,16.5
Madhya Pradesh,Dewas,69.8,41,92.2,0,20.8
Madhya Pradesh,Dhar,46.7,44.2,79.4,0,16.7
Madhya Pradesh,Dindori,30,32,97.5,0,10.2
Madhya Pradesh,East Nimar,61.7,29.3,97.4,0,23.4
Madhya Pradesh,Guna,51,44.8,87.7,1.2,14.7
Madhya Pradesh,Gwalior,81.8,29.6,94,0,22.6
Madhya Pradesh,Harda,70.3,62.3,90.5,0,33.4
Madhya Pradesh,Hosangabad,76.4,28.3,88.1,0,33.9
Madhya Pradesh,Indore,83.1,35.5,87.5,0,31.8
Madhya Pradesh,Jabalpur,76.3,18.7,92,2.8,16.2
Madhya Pradesh,Jhabua,30.4,38.3,99.3,0,10.2
Madhya Pradesh,Katni,63.7,32.1,91.5,0.5,19.4
Madhya Pradesh,Mandla,55.9,36.1,90.2,1.3,14.1
Madhya Pradesh,Mandsaur,59.7,42,82.9,0,10.5
Madhya Pradesh,Morena,61.4,36.5,93.9,0,29.5
Madhya Pradesh,Narasimhapur,72.7,38.3,87.9,0,19
Madhya Pradesh,Neemuch,56.4,64.9,86.4,1.2,9.7
Madhya Pradesh,Panna,49.5,18.3,88.9,1.9,12.6
Madhya Pradesh,Raisen,63.2,53.2,91.9,0,10.2
Madhya Pradesh,Rajgarh,54.9,18.2,79.9,0,6.5
Madhya Pradesh,Ratlam,49,22.2,82.4,0,7.9
Madhya Pradesh,Rewa,52.1,57.4,88.7,5.4,15
Madhya Pradesh,Sagar,73.1,25.8,96.3,0,19
Madhya Pradesh,Satna,58.9,53.3,97.9,1.4,22.3
Madhya Pradesh,Sehore,65.8,45.7,88.9,0,18.8
Madhya Pradesh,Seoni,55.3,34.6,78.5,0,11.9
Madhya Pradesh,Shahdol,51.8,52,90,0,16.7
Madhya Pradesh,Shajapur,51.3,54.5,78.6,1.1,11.9
Madhya Pradesh,Sheopur,35.7,43.2,96.2,2.8,16.3
Madhya Pradesh,Shivpuri,53.7,23.7,71.2,0.5,22
Madhya Pradesh,Sidhi,30.1,55.3,90.5,1,9.4
Madhya Pradesh,Tikamgarh,51.9,33.3,80,0,29.7
Madhya Pradesh,Ujjain,67.3,47.9,96.9,0,19.3
Madhya Pradesh,Umaria,44.9,20.7,84.5,1.3,13.5
Madhya Pradesh,Vidisha,66.3,41.9,89.3,0.5,13.5
Madhya Pradesh,West Nimar,60.1,37.3,93.4,0,20
Maharashtra,Ahmadnagar,95,20.5,93.8,0,29.8
Maharashtra,Akola,85.8,27.4,78.2,1.8,18.4
Maharashtra,Amravati,82,38,88.5,0.7,24.9
Maharashtra,Aurangabad,72.7,29.2,90.7,0.9,15
Maharashtra,Bhandara,87.9,43.7,94.3,1,31.3
Maharashtra,Bid,87.6,29.1,85.2,1.4,29.5
Maharashtra,Buldana,73.9,24.2,86.9,0,19.3
Maharashtra,Chandrapur,83.6,39.8,94.6,0.8,19.6
Maharashtra,Dhule,72.9,23.7,93,1.2,16.8
Maharashtra,Gadchiroli,57,50.9,85.2,1,24.1
Maharashtra,Gondiya,84.3,49.6,89.4,0.3,30.1
Maharashtra,Hingoli,77.9,17.6,76.2,2,16.6
Maharashtra,Jalgaon,82,29.7,87.9,2.8,17.6
Maharashtra,Jalna,72.2,10.1,74.8,0.9,20.8
Maharashtra,Kolhapur,94.2,58.4,96.3,0.2,43.4
Maharashtra,Latur,86,13.7,86.2,0.9,29
Maharashtra,Mumbai,97.2,32.9,91.8,1.4,25.2
Maharashtra,Mumbai Sub-urban,92.4,37.1,95.4,3.4,25.5
Maharashtra,Nagpur,93.9,27.2,88.2,2.7,38.7
Maharashtra,Nanded,89.5,13.3,83.2,0,28.9
Maharashtra,Nandurbar,46.3,45,93.1,4.5,12.7
Maharashtra,Nashik,91.4,40,94.6,1.4,43.6
Maharashtra,Osmanabad,87.4,28.6,89.8,1.1,35.5
Maharashtra,Parbhani,90.1,19.4,89.1,0,35.5
Maharashtra,Pune,97.8,40.1,95.6,0.9,40.8
Maharashtra,Raigarh,88.7,37.7,92.7,1.7,29.6
Maharashtra,Ratnagiri,86.4,35.7,93.4,0,31.8
Maharashtra,Sangli,96.5,41.1,97.2,1.1,48.4
Maharashtra,Satara,93.5,41,95.8,1.7,37
Maharashtra,Sindhudurg,89.7,37.3,96.9,1.1,39.7
Maharashtra,Solapur,91.8,24.2,96.6,0.2,43.7
Maharashtra,Thane,81.3,35.2,91.3,1.7,17
Maharashtra,Wardha,90.7,47,93.3,3.2,35.7
Maharashtra,Washim,76.7,21,93,0.7,12
Maharashtra,Yavatmal,82.2,21.7,88.1,2.3,35
Manipur,Bishnupur,99.3,41.2,99.8,1.8,70.8
Manipur,Chandel,98.9,36.1,100,0.4,26.4
Manipur,Churachandpur,99,30.2,99.4,0.1,24.5
Manipur,Imphal East,96.5,34.8,98.3,0.9,55
Manipur,Imphal West,98.9,53.3,99.8,1.2,61.3
Manipur,Senapati,95.1,34.5,99.3,1.2,36.9
Manipur,Tamenglong,94.1,25.1,97.7,0.6,17.7
Manipur,Thoubal,99.4,52.4,100,1.5,73.4
Manipur,Ukhrul,97.9,22.7,95,0.2,21.3
Meghalaya,E. Garo Hills,45.2,32.9,93.4,0,11.5
Meghalaya,E. Khasi Hills,80.5,31.2,86.5,0.4,12.2
Meghalaya,Jaintia,65.3,13.1,94.6,0,2.1
Meghalaya,Ribhoi,70.2,27.6,83.2,0.8,11.4
Meghalaya,S. Garo Hills,53.4,25.4,98.1,0,12
Meghalaya,W. Garo Hills,68,36.4,97.1,0,16.5
Meghalaya,W. Khasi Hills,61.7,24.6,89.4,0,17.1
Mizoram,Aizawl,99.8,45.8,100,4.1,68.9
Mizoram,Champhai,98.8,28.1,99.8,2.2,37.6
Mizoram,Kolasib,97.9,33.6,100,6.6,48.9
Mizoram,Lawngtlai      ,86.7,16.3,99.8,0.8,33
Mizoram,Lunglei,96.1,26.7,99.6,2.9,64.3
Mizoram,Mamit,93.5,68.9,99.5,1.4,57.3
Mizoram,Saiha      ,92.6,26.1,100,2.7,45.4
Mizoram,Serchhip,99.7,57,100,2.1,59.7
Orissa,Angul,88.2,26.4,90.7,1,36.6
Orissa,Balangir,26,61.4,94.7,0,7.1
Orissa,Baleshwar,29.6,24.9,96.2,0,15.1
Orissa,Bargarh,63,49.9,86.4,1.8,6.6
Orissa,Baudh,50.6,42.7,90.5,0,7.7
Orissa,Bhadrak,91.2,41.8,94.3,0,22.5
Orissa,Cuttack,97.2,37.4,96.6,1,27.9
Orissa,Debagarh,59.6,37.7,90.6,0.7,13.9
Orissa,Dhenkanal,93,27.4,96.6,0,35.9
Orissa,Gajapati,24.3,37.2,83.1,0,7.4
Orissa,Ganjam,85,23.4,78,0,20.5
Orissa,Jagatsinghpur,97.2,44.3,99.1,0.7,29.5
Orissa,Jajapur,96.5,38.4,94.3,0.2,30.6
Orissa,Jharsuguda,83.9,49.6,97.7,0,27.4
Orissa,Kalahandi,39.7,59.5,88,0,11.7
Orissa,Kendrapara,96,33,94.1,0.8,27.3
Orissa,Kendujhar,37.9,18.3,95.9,0,26.6
Orissa,Khandamal,55.7,13.2,84.2,1.1,15.8
Orissa,Khordha,95.5,40.7,98.5,1.8,27.9
Orissa,Koraput,34.7,18.5,94.7,0,10.4
Orissa,Malkangiri,20.4,12.9,86.1,0,6.8
Orissa,Mayurbhanj,61.6,48.4,93.6,0,17.2
Orissa,Nabarangapur,33.8,19.9,92.2,2.3,8.8
Orissa,Nayagarh,70.4,14.8,92,0,7.7
Orissa,Nuapada,29.9,67.2,84.4,0,0.6
Orissa,Puri,92.6,30.9,96.1,0.5,43.1
Orissa,Rayagada,42.7,21,81.1,1.7,8.3
Orissa,Sambalpur,77.4,37,92,0,12.4
Orissa,Sonapur,57.1,49.6,92.5,0,4.5
Orissa,Sundargarh,71,34,91.6,0,21.1
Pondecherry,Karaikal,100,15.6,95.6,6.3,32.8
Pondecherry,Mahe,,,,0,
Pondecherry,Puducherry,99.5,9.3,99.6,1.2,31.7
Pondecherry,Yanam,88.1,54.7,98.4,3.6,24.1
Punjab,Amritsar,91,41.9,100,0.1,34
Punjab,Barnala,94.1,23.4,100,0,50.2
Punjab,Bhatinda,97.8,45.4,100,0.3,71.7
Punjab,Faridkot,95.3,40,100,0.1,65.1
Punjab,Fatehgarh Sahib,92.8,39.6,97.7,0,33.3
Punjab,Firozpur,94.5,36.2,100,0,50
Punjab,Gurdaspur,93.9,32.1,100,0,41.3
Punjab,Hoshiarpur,97.5,28.7,100,0.3,53
Punjab,Jalandhar,96.6,14,100,0.2,49.5
Punjab,Kapurthala,96.6,21.1,100,0.8,57.5
Punjab,Ludhiana,87.6,43.6,99.4,0,32
Punjab,Mansa,79.5,15.1,100,0.4,37.9
Punjab,Moga,95.8,38.2,100,0.1,65.4
Punjab,Muktsar,92.7,42.3,100,2.1,63.9
Punjab,Nawanshahr,96.6,35.4,100,0.2,38.2
Punjab,Patiala,92.5,34.7,100,0.3,40
Punjab,Rupnagar,95.7,32,100,0.1,32.6
Punjab,Sangrur,86.7,18.1,99.3,0.7,51.1
Punjab,SAS Nagar,94.4,33.7,100,0,28.3
Punjab,Taran Taaran,91.5,40.9,100,0.1,37.4
Rajasthan,Ajmer,90.6,46.5,99.7,0,45.8
Rajasthan,Alwar,69.2,38.9,97.1,0,36.6
Rajasthan,Banswara   ,70,35.8,100,0,46.4
Rajasthan,Baran   ,71.9,39.8,95.3,0.5,47.2
Rajasthan,Barmer   ,65.7,26.6,95.7,1.3,30.3
Rajasthan,Bharatpur  ,61.2,41.1,96.8,0,25.4
Rajasthan,Bhilwara      ,79.4,36.1,100,0,47.8
Rajasthan,Bikaner,64.7,48.4,97.4,0,28.4
Rajasthan,Bundi     ,82.3,45.9,99.1,0.9,53.2
Rajasthan,Chittaurgarh    ,82,28,100,0,51
Rajasthan,Churu,70.9,42.4,97.9,0,33.3
Rajasthan,Dausa,66.2,36.2,100,1,39.7
Rajasthan,Dhaulpur   ,60.4,29.1,98.4,0.5,33.6
Rajasthan,Dungarpur     ,86.1,34.5,100,0,64.5
Rajasthan,Ganganagar,73,53.2,99.7,0,39.3
Rajasthan,Hanumangarh,71.6,43.8,98.8,0,29
Rajasthan,Jaipur,88.1,56.7,100,0.9,53.7
Rajasthan,Jaisalmer,45.1,46.5,100,0,27.1
Rajasthan,Jalor  ,70.9,33.4,91.4,0,24.5
Rajasthan,Jhalawar   ,60,46.8,98.9,0,32.8
Rajasthan,Jhunjhunu    ,88.7,52.8,99.3,0,43.4
Rajasthan,Jodhpur,71.6,47,100,1,35
Rajasthan,Karauli ,56.5,38.1,99.4,0,38.4
Rajasthan,Kota    ,87.1,43.4,100,0,66.5
Rajasthan,Nagaur   ,76.3,50.3,100,0.6,45.2
Rajasthan,Pali    ,76.8,49.7,96.3,0.4,40.9
Rajasthan,Rajsamand    ,85,29.6,100,0,61.7
Rajasthan,Sawai Madhopur  ,60.1,51.8,97.7,0.9,39.8
Rajasthan,Sikar     ,86,53,100,0,48.7
Rajasthan,Sirohi    ,77.2,41.5,95,0,32.3
Rajasthan,Tonk    ,78.8,32.6,99.5,0,45.6
Rajasthan,Udaipur     ,75.4,29.1,100,0,53.7
Sikkim,East Sikkim,94,40.8,95.4,0.9,43
Sikkim,North Sikkim,93.3,40.7,96.3,0.8,28.4
Sikkim,South Sikkim,95.1,30.1,95.9,0.3,26.4
Sikkim,West Sikkim,92.1,29.2,91.3,0.4,30.2
Tamil Nadu,Chennai,,,,0,
Tamil Nadu,Coimbatore,,,,0,
Tamil Nadu,Cuddalore,,,,0,
Tamil Nadu,Dharmapuri,,,,0,
Tamil Nadu,Dindigul,,,,0,
Tamil Nadu,Erode,,,,0,
Tamil Nadu,Kancheepuram,,,,0,
Tamil Nadu,Kaniyakumari,,,,0,
Tamil Nadu,Karur,,,,0,
Tamil Nadu,Krishnagiri,,,,0,
Tamil Nadu,Madurai,,,,0,
Tamil Nadu,Nagapattinam,,,,0,
Tamil Nadu,Namakkal,,,,0,
Tamil Nadu,Perambalur,,,,0,
Tamil Nadu,Pudukottai,,,,0,
Tamil Nadu,Ramanathapuram,,,,0,
Tamil Nadu,Salem,,,,0,
Tamil Nadu,Sivaganga,,,,0,
Tamil Nadu,Thanjavur,,,,0,
Tamil Nadu,The Nilgiris,,,,0,
Tamil Nadu,Theni,,,,0,
Tamil Nadu,Thiruvallur,,,,0,
Tamil Nadu,Thiruvarur,,,,0,
Tamil Nadu,Thoothukudi,,,,0,
Tamil Nadu,Tiruchirappalli,,,,0,
Tamil Nadu,Tirunelveli,,,,0,
Tamil Nadu,Tiruvannamalai,,,,0,
Tamil Nadu,Vellore,,,,0,
Tamil Nadu,Viluppuram,,,,0,
Tamil Nadu,Virudhunagar,,,,0,
Tripura,Dhalai,63.7,12,86.4,0,23.9
Tripura,North Tripura,83.3,19.9,88.9,0.9,39.3
Tripura,South Tripura,73.6,29.4,82.9,0,26.8
Tripura,West Tripura,81.1,29.4,87.5,0.9,37.2
Uttar Pradesh,Agra,67.1,22.4,89.9,1.7,10.9
Uttar Pradesh,Aligarh,58.2,13.3,79.6,2,33.5
Uttar Pradesh,Allahabad,76.6,48,96.6,0,34.6
Uttar Pradesh,Ambedkar Nagar,68.7,30.6,96.8,0,33.3
Uttar Pradesh,Auraiya,61.3,17,97.7,0.4,31.3
Uttar Pradesh,Azamgarh,75.4,37.3,87.4,0,47.5
Uttar Pradesh,Baghpat,71.2,31.2,89.6,0,27.1
Uttar Pradesh,Bahraich,53.2,40.8,90.9,0,26.9
Uttar Pradesh,Ballia,56.1,36.4,86.8,0,39
Uttar Pradesh,Balrampur,41.1,30.9,83.4,0,14.8
Uttar Pradesh,Banda,51.1,31.2,88.8,0.5,15.3
Uttar Pradesh,Barabanki,73.5,41.9,93,0,41.4
Uttar Pradesh,Bareily,61.1,32.5,85.3,0.5,47.1
Uttar Pradesh,Basti,60.4,32.2,82.2,0.5,17.4
Uttar Pradesh,Bijnor,76,45.3,89.6,0,67
Uttar Pradesh,Budaun,36.7,23.6,90.2,0,18.7
Uttar Pradesh,Bulandshahar,54.8,27.5,81.1,0,22.4
Uttar Pradesh,Chandauli,65.7,23.3,97.8,0,29
Uttar Pradesh,Chitrakoot,47.3,33.3,93.6,0,21.4
Uttar Pradesh,Deoria,64.3,37.7,90.1,0,25.6
Uttar Pradesh,Etah,42.1,27.5,81.5,0,17.3
Uttar Pradesh,Etawah,60,26.8,94.9,0,27.5
Uttar Pradesh,Faizabad,76.3,34.6,91,0,31
Uttar Pradesh,Farrukhabad,51.5,25.1,88.4,0,22.8
Uttar Pradesh,Fatehpur,52,55.9,95.2,0.3,13.9
Uttar Pradesh,Firozabad,53.4,16.1,94.3,0.4,26.7
Uttar Pradesh,G B Nagar,68.6,32.4,88.5,0.6,40.2
Uttar Pradesh,Ghaziabad,68.2,44.8,87.4,0.5,28.7
Uttar Pradesh,Ghazipur,72.7,50.5,91.6,0,39
Uttar Pradesh,Gonda,57.4,23.1,74.4,1.7,20.6
Uttar Pradesh,Gorakhpur,73.4,38.2,92.7,0,29
Uttar Pradesh,Hamirpur,63.6,37.4,92.2,0,31.7
Uttar Pradesh,Hardoi,58.2,43.3,94.4,0.6,35.5
Uttar Pradesh,Hathras,60.9,42.7,92.8,1.4,46.3
Uttar Pradesh,Jalaun,65,30.8,92.1,0,36.5
Uttar Pradesh,Jaunpur,71,36.1,80.9,0.3,18
Uttar Pradesh,Jhansi,58.4,58.7,91,0,20.8
Uttar Pradesh,JP Nagar,60.1,37.4,85.3,1,12.6
Uttar Pradesh,Kannauj,56.7,20.6,86.7,0.4,28.7
Uttar Pradesh,Kanpur Dehat,75.1,30.9,86,0,30.5
Uttar Pradesh,Kanpur Nagar,89.4,57.8,99.4,0,31.7
Uttar Pradesh,Kaushambi,52,44.8,93.5,0,16.4
Uttar Pradesh,Kheri,50,38.4,91.2,0,29.1
Uttar Pradesh,Kushinagar,64.9,23.8,86.3,0,28.7
Uttar Pradesh,Lalitpur,69.3,40.2,97.1,0,34.8
Uttar Pradesh,Lucknow,85.3,61.7,91.1,0,53.7
Uttar Pradesh,Mahoba,47.6,73.7,95.8,0,21.7
Uttar Pradesh,Mahrajganj,61.1,37,82.9,1,31.2
Uttar Pradesh,Mainpuri,55.4,33.6,90.5,0,36.5
Uttar Pradesh,Mathura,58.3,44.8,84.7,0,21.5
Uttar Pradesh,Mau,69.1,40,86.9,0.4,43.2
Uttar Pradesh,Meerut,75.1,43.2,94.6,0.4,60
Uttar Pradesh,Mirzapur,68.8,33.4,90.2,0.5,28.5
Uttar Pradesh,Moradabad,49.4,27.9,83.4,0.4,16.6
Uttar Pradesh,Muzaffarnagar,66.4,1.6,91.3,0.5,46.1
Uttar Pradesh,Pilibhit,53.4,30.1,88.8,0,17
Uttar Pradesh,Pratapgarh,62.9,32.1,79.4,0,19.3
Uttar Pradesh,Rae Bareli,58.6,25.9,86.3,0,25.7
Uttar Pradesh,Rampur,59,33,58.6,1.1,59.3
Uttar Pradesh,Saharanpur,76.4,47.8,92.6,0,16.8
Uttar Pradesh,Sant Kabir Nagar,66.9,38.1,89.4,0,37
Uttar Pradesh,Sant Ravidas Nagar,68.9,37.9,89.4,0,32.6
Uttar Pradesh,Shahjahanpur,45.6,20.8,88.8,0,15
Uttar Pradesh,Shrawasti,53.9,41.8,90.8,0,36.2
Uttar Pradesh,Siddharthnagar,63.7,26.9,94.4,0,33.2
Uttar Pradesh,Sitapur,55.6,43,90.9,0,24.1
Uttar Pradesh,Sonbhadra,62.7,50,92.9,0,24.5
Uttar Pradesh,Sultanpur,67.3,31.2,74.3,0,25.7
Uttar Pradesh,Unnao,56.6,59.8,91.6,0,21.1
Uttar Pradesh,Varanasi,80.4,44.3,89.6,0,38.8
Uttarakhand,Almora,92.3,45,97.9,0,32.6
Uttarakhand,Bageshwar,85.8,54.7,97.8,0.4,39.9
Uttarakhand,Chamoli,91.8,47.9,97.9,0,32.2
Uttarakhand,Champawat,69.1,47.8,93.1,0.5,23.4
Uttarakhand,Dehradun,87.7,50.2,96.6,1.1,34.5
Uttarakhand,Hardwar,78.7,61.1,97.5,0.9,26.5
Uttarakhand,Nainital,85.8,57.5,97.4,0,37.9
Uttarakhand,Pauri Garhwal,91.6,39.7,99.1,0.4,30.8
Uttarakhand,Pithoragarh,86.8,57.5,97.4,0,33.1
Uttarakhand,Rudraprayag,90.7,60.8,96.7,0.4,27.2
Uttarakhand,Tehri Garhwal,82.5,53.2,96,0.1,25.8
Uttarakhand,Udham Singh Nagar,73.6,62.3,98.5,0,17.7
Uttarakhand,Uttarkashi,83.6,49.1,96.7,3.2,18.7
West Bengal,Bankura,47.9,32.1,88.4,0,28.8
West Bengal,Barddhaman,73,47.1,85.6,0,39.5
West Bengal,Birbhum,64.5,37,88.3,0,32.8
West Bengal,Dakshin Dinajpurr,72.4,34.4,86.3,0,35.5
West Bengal,Darjiling,92.6,44,96.4,0.5,32.9
West Bengal,Haora,81.2,53.7,83.5,0,29.5
West Bengal,Hugli,89.6,46.4,84.6,0,39.6
West Bengal,Jalpaiguri,75.8,48.1,92.9,0.5,30.7
West Bengal,Koch Bihar,68.7,47,92.6,0,30.8
West Bengal,Kolkata,90,56.1,78.6,0,31.4
West Bengal,Malda,41.1,30.1,84.6,0,13.2
West Bengal,Murshidabad,63.5,60.6,89.9,0,30
West Bengal,Nadia,80.6,60.9,74.2,0,37.4
West Bengal,North 24 Parganas,70.5,29.4,90.6,0,46.5
West Bengal,Paschim Medinipur ,63.7,42,87.4,0,28.9
West Bengal,Purba Medinipur ,77.7,24.2,76.5,0,25.6
West Bengal,Puruliya,46.3,52,94.5,0,31.4
West Bengal,South 24 Parganas,73.9,30.7,89.3,0.2,29.6
West Bengal,Uttar Dinajpur,37.3,38.3,86.7,0,13.8
