﻿Country,Sum of TB patients living with HIV receiving ART - Total,Sum of Estimated TB-related deaths among people living with HIV - estimate
Afghanistan,27,1375.8636
Albania,39,7.001233
American Samoa,0,0.009332753
Andorra,1,0
Angola,2727,87232.27
Anguilla,1,0
Antigua and Barbuda,24,4.696886006
Argentina,482,1527.6243
Armenia,383,175.14287
Aruba,1,0
Australia,33,105.83525
Azerbaijan,431,272.32919
Bahamas,105,57.68739
Bahrain,3,29.20597
Bangladesh,407,2844.2323
Barbados,14,10.297474
Belarus,1000,849.10782
Belize,246,62.14717
Benin,3965,5999.966
Bermuda,0,0
Bhutan,24,7.90375
Bolivia,1038,2603.244
Bosnia and Herzegovina,1,9.996313
Botswana,20666,38999.36
Brazil,83574,41556.37
British Virgin Islands,1,0
Brunei,13,0
Bulgaria,20,16.411833
Burkina Faso,5379,16354.243
Burundi,4938,
Cambodia,9198,22119.495
Cameroon,49045,35733.483
Cape Verde,170,163925.76
Cayman Islands,1,0.591
Central African Republic,4698,102628.24
Chad,3631,23360.24
Chile,66,776.8373
China,23985,62435.01
"China, Hong Kong Special Administrative Region",121,78.28077
Colombia,5793,5158.59
Comoros,15,22.5174073
Congo,1192,30222.66
Cook Islands,0,0.001242
Costa Rica,250,182.03043
Cote d'Ivoire,26777,101639.1
Cuba,478,95.868583
Cyprus,1,3.5345029
Democratic Republic of Congo,25654,16.314304
Denmark,0,220275.45
Djibouti,758,21.84854498
Dominica,5,1904.3948
Dominican Republic,3246,4.789674
Ecuador,4739,4691.101
Egypt,128,134.98105
El Salvador,1514,819.2497
Equatorial Guinea,1048,1741.64153
Eritrea,369,4953.4611
Estonia,199,108.41932
Eswatini,27616,47145.96
Ethiopia,49605,224858.06
Fiji,34,14.7243646
Finland,4,25.300098
French Polynesia,1,0
Gabon,3431,16849.67
Gambia,1084,2320.0595
Georgia,417,704.86974
Germany,70,648.5912
Ghana,8459,79549.31
Greece,26,96.38909
Greenland,2,0
Grenada,5,0.765127462
Guam,2,0.42313247
Guatemala,4089,2169.1424
Guinea,8888,31923.36
Guinea-Bissau,813,18163.229
Guyana,1166,642.672
Haiti,8838,31468.362
Honduras,2121,1360.3851
Hungary,2,89.30855
Iceland,4,2.57636418
India,256102,1122129.6
Indonesia,6337,164624.397
Iran,918,747.2597
Iraq,2,22.38485
Ireland,18,64.99354
Israel,36,60.82304
Jamaica,213,138.51309
Jordan,3,0.673851
Kazakhstan,1933,498.31807
Kenya,235899,708777.2
Kiribati,2,352.082837
Kuwait,37,11.652041
Kyrgyzstan,900,727.4544
Laos,911,2262.9608
Latvia,509,319.9455
Lebanon,74,79.734337
Lesotho,39126,121931.88
Liberia,1184,5736.322
Libya,116,705.7996
Macao,19,6.350736
Madagascar,385,8778.48
Malawi,80762,232596.75
Malaysia,4474,5200.629
Maldives,1,0.261405
Mali,2601,8228.608
Malta,21,8.8135595
Marshall Islands,4,0.86182757
Mauritania,173,3602.5726
Mauritius,110,142.29207
Mexico,7969,5696.027
Micronesia (country),0,0.6403861
Moldova,1032,514.235777
Monaco,0,0
Mongolia,31,26.561785
Montenegro,6,0.6019526
Montserrat,2,0
Morocco,1364,1114.7743
Mozambique,148269,609593.3
Myanmar,18064,107738.73
Namibia,26659,29138.488
Nauru,0,0
Nepal,891,5591.663
Netherlands,187,121.28564
New Caledonia,1,0
New Zealand,1,12.8427049
Nicaragua,610,477.0215
Niger,1195,15398.038
Nigeria,87088,859148.9
Niue,0,0
North Korea,0,329.76084
North Macedonia,3,2.543784
Northern Mariana Islands,2,0.34221924
Norway,14,29.19608
Oman,92,29.97762
Pakistan,336,14291.01201
Palau,0,0.27185514
Palestine,0,0.0491135
Panama,1728,953.0189
Papua New Guinea,3042,18991.651
Paraguay,1057,439.03179
Peru,5499,5892.436
Philippines,1051,1657.2846
Portugal,1604,1786.9101
Puerto Rico,58,73.79573
Qatar,3,1.335432
Romania,2032,1748.3223
Russia,26775,7220.739
Rwanda,14292,11944.645
Saint Kitts and Nevis,1,2.7907022
Saint Lucia,8,2.5990001
Saint Vincent and the Grenadines,27,10.66925
Samoa,0,0
Sao Tome and Principe,167,65.006747
Saudi Arabia,102,277.5781
Senegal,4484,8834.071
Serbia,96,22.70175
Seychelles,18,2.373024164
Sierra Leone,5929,15856.168
Slovakia,3,1.0909306
Slovenia,8,0.9721608
Solomon Islands,1,0
Somalia,569,8579.101
South Africa,938474,1452416
South Korea,3,852.6588
South Sudan,2372,5447.168
Sri Lanka,141,114.85375
Sudan,1460,6259.541
Suriname,197,155.6886
Syria,12,14.534172
Tajikistan,681,1125.52251
Tanzania,112264,751269.2
Thailand,43533,150843.74
Timor,90,52.80833
Togo,3468,6672.429
Tokelau,0,0
Tonga,0,0.002277
Trinidad and Tobago,320,183.03513
Tunisia,120,35.570524
Turkey,224,269.23348
Turkmenistan,0,517.7891
Turks and Caicos Islands,5,3.6112801
Tuvalu,0,0.00414
Uganda,93108,240119.8
Ukraine,26698,25526.918
United Arab Emirates,16,5.068029
Uruguay,489,351.6129
Uzbekistan,2094,3019.7356
Vanuatu,0,0
Venezuela,3607,3631.063
Vietnam,18068,48512.766
Wallis and Futuna,0,0
Yemen,42,462.3012
Zambia,138778,256626.5
Zimbabwe,127765,237849.54
