﻿Country,Code,Year,Women's share of population ages 15+ living with HIV (%)
Afghanistan,AFG,1990,24.2
Afghanistan,AFG,1991,24.4
Afghanistan,AFG,1992,24.5
Afghanistan,AFG,1993,25
Afghanistan,AFG,1994,25.4
Afghanistan,AFG,1995,25.9
Afghanistan,AFG,1996,26.3
Afghanistan,AFG,1997,26.8
Afghanistan,AFG,1998,27.2
Afghanistan,AFG,1999,27.5
Afghanistan,AFG,2000,27.7
Afghanistan,AFG,2001,27.7
Afghanistan,AFG,2002,27.8
Afghanistan,AFG,2003,27.9
Afghanistan,AFG,2004,28
Afghanistan,AFG,2005,28.2
Afghanistan,AFG,2006,28.4
Afghanistan,AFG,2007,28.6
Afghanistan,AFG,2008,28.8
Afghanistan,AFG,2009,28.9
Afghanistan,AFG,2010,28.9
Afghanistan,AFG,2011,28.9
Afghanistan,AFG,2012,28.8
Afghanistan,AFG,2013,28.7
Afghanistan,AFG,2014,28.6
Afghanistan,AFG,2015,28.6
Afghanistan,AFG,2016,28.7
Afghanistan,AFG,2017,28.9
Afghanistan,AFG,2018,29
Afghanistan,AFG,2019,29
Albania,ALB,1990,11.1
Albania,ALB,1991,9.5
Albania,ALB,1992,8.3
Albania,ALB,1993,7.7
Albania,ALB,1994,10.3
Albania,ALB,1995,9.7
Albania,ALB,1996,8.8
Albania,ALB,1997,10.8
Albania,ALB,1998,11.6
Albania,ALB,1999,11.5
Albania,ALB,2000,13.6
Albania,ALB,2001,15.6
Albania,ALB,2002,16.5
Albania,ALB,2003,18
Albania,ALB,2004,19.3
Albania,ALB,2005,19.9
Albania,ALB,2006,20.8
Albania,ALB,2007,21.2
Albania,ALB,2008,21.7
Albania,ALB,2009,22.1
Albania,ALB,2010,22.3
Albania,ALB,2011,22.7
Albania,ALB,2012,23
Albania,ALB,2013,23.2
Albania,ALB,2014,23.4
Albania,ALB,2015,23.5
Albania,ALB,2016,23.6
Albania,ALB,2017,23.5
Albania,ALB,2018,23.4
Albania,ALB,2019,23.3
Algeria,DZA,1990,44.5
Algeria,DZA,1991,44.5
Algeria,DZA,1992,44.6
Algeria,DZA,1993,44.7
Algeria,DZA,1994,44.8
Algeria,DZA,1995,44.9
Algeria,DZA,1996,44.9
Algeria,DZA,1997,45
Algeria,DZA,1998,45
Algeria,DZA,1999,44.6
Algeria,DZA,2000,44.4
Algeria,DZA,2001,44.3
Algeria,DZA,2002,44.3
Algeria,DZA,2003,44.3
Algeria,DZA,2004,44.2
Algeria,DZA,2005,44
Algeria,DZA,2006,44
Algeria,DZA,2007,43.9
Algeria,DZA,2008,43.9
Algeria,DZA,2009,43.9
Algeria,DZA,2010,44.2
Algeria,DZA,2011,44.5
Algeria,DZA,2012,44.7
Algeria,DZA,2013,45
Algeria,DZA,2014,45.1
Algeria,DZA,2015,45.3
Algeria,DZA,2016,45.4
Algeria,DZA,2017,45.5
Algeria,DZA,2018,45.6
Algeria,DZA,2019,45.6
Angola,AGO,1990,64.7
Angola,AGO,1991,65.5
Angola,AGO,1992,66.2
Angola,AGO,1993,66.8
Angola,AGO,1994,67.3
Angola,AGO,1995,67.7
Angola,AGO,1996,68
Angola,AGO,1997,68.3
Angola,AGO,1998,68.6
Angola,AGO,1999,68.8
Angola,AGO,2000,68.9
Angola,AGO,2001,69
Angola,AGO,2002,69.2
Angola,AGO,2003,69.3
Angola,AGO,2004,69.4
Angola,AGO,2005,69.5
Angola,AGO,2006,69.5
Angola,AGO,2007,69.5
Angola,AGO,2008,69.6
Angola,AGO,2009,69.5
Angola,AGO,2010,69.5
Angola,AGO,2011,69.4
Angola,AGO,2012,69.4
Angola,AGO,2013,69.3
Angola,AGO,2014,69.4
Angola,AGO,2015,69.6
Angola,AGO,2016,69.7
Angola,AGO,2017,69.7
Angola,AGO,2018,69.6
Angola,AGO,2019,69.6
Argentina,ARG,1990,30.4
Argentina,ARG,1991,30.6
Argentina,ARG,1992,30.7
Argentina,ARG,1993,30.7
Argentina,ARG,1994,30.8
Argentina,ARG,1995,30.9
Argentina,ARG,1996,31
Argentina,ARG,1997,31.1
Argentina,ARG,1998,31.2
Argentina,ARG,1999,31.3
Argentina,ARG,2000,31.3
Argentina,ARG,2001,31.3
Argentina,ARG,2002,31.3
Argentina,ARG,2003,31.3
Argentina,ARG,2004,31.3
Argentina,ARG,2005,31.3
Argentina,ARG,2006,31.4
Argentina,ARG,2007,31.4
Argentina,ARG,2008,31.5
Argentina,ARG,2009,31.5
Argentina,ARG,2010,31.6
Argentina,ARG,2011,31.7
Argentina,ARG,2012,31.8
Argentina,ARG,2013,31.9
Argentina,ARG,2014,31.9
Argentina,ARG,2015,32
Argentina,ARG,2016,32.1
Argentina,ARG,2017,32.2
Argentina,ARG,2018,32.3
Argentina,ARG,2019,32.3
Armenia,ARM,1990,25
Armenia,ARM,1991,20
Armenia,ARM,1992,23.3
Armenia,ARM,1993,25.5
Armenia,ARM,1994,27
Armenia,ARM,1995,27.1
Armenia,ARM,1996,28.7
Armenia,ARM,1997,29.3
Armenia,ARM,1998,30.3
Armenia,ARM,1999,30.9
Armenia,ARM,2000,31.4
Armenia,ARM,2001,31.9
Armenia,ARM,2002,32.3
Armenia,ARM,2003,32.7
Armenia,ARM,2004,33.1
Armenia,ARM,2005,33.4
Armenia,ARM,2006,33.7
Armenia,ARM,2007,33.9
Armenia,ARM,2008,34.1
Armenia,ARM,2009,34.2
Armenia,ARM,2010,34.1
Armenia,ARM,2011,34
Armenia,ARM,2012,34
Armenia,ARM,2013,34.1
Armenia,ARM,2014,34.2
Armenia,ARM,2015,34.4
Armenia,ARM,2016,34.5
Armenia,ARM,2017,34.7
Armenia,ARM,2018,34.8
Armenia,ARM,2019,34.9
Australia,AUS,1990,9.7
Australia,AUS,1991,9.8
Australia,AUS,1992,9.9
Australia,AUS,1993,9.9
Australia,AUS,1994,10
Australia,AUS,1995,10
Australia,AUS,1996,10.1
Australia,AUS,1997,10.1
Australia,AUS,1998,10.2
Australia,AUS,1999,10.2
Australia,AUS,2000,10.2
Australia,AUS,2001,10.3
Australia,AUS,2002,10.3
Australia,AUS,2003,10.4
Australia,AUS,2004,10.5
Australia,AUS,2005,10.6
Australia,AUS,2006,10.7
Australia,AUS,2007,10.8
Australia,AUS,2008,10.9
Australia,AUS,2009,11
Australia,AUS,2010,11.1
Australia,AUS,2011,11.2
Australia,AUS,2012,11.3
Australia,AUS,2013,11.4
Australia,AUS,2014,11.6
Australia,AUS,2015,11.7
Australia,AUS,2016,11.9
Australia,AUS,2017,12.1
Australia,AUS,2018,12.2
Australia,AUS,2019,12.3
Azerbaijan,AZE,1990,26.9
Azerbaijan,AZE,1991,28
Azerbaijan,AZE,1992,28.5
Azerbaijan,AZE,1993,29.5
Azerbaijan,AZE,1994,30.1
Azerbaijan,AZE,1995,30.8
Azerbaijan,AZE,1996,31.2
Azerbaijan,AZE,1997,31.6
Azerbaijan,AZE,1998,32
Azerbaijan,AZE,1999,32.4
Azerbaijan,AZE,2000,32.6
Azerbaijan,AZE,2001,32.9
Azerbaijan,AZE,2002,33.2
Azerbaijan,AZE,2003,33.4
Azerbaijan,AZE,2004,33.7
Azerbaijan,AZE,2005,34
Azerbaijan,AZE,2006,34.2
Azerbaijan,AZE,2007,34.4
Azerbaijan,AZE,2008,34.6
Azerbaijan,AZE,2009,34.7
Azerbaijan,AZE,2010,34.7
Azerbaijan,AZE,2011,34.7
Azerbaijan,AZE,2012,34.6
Azerbaijan,AZE,2013,34.4
Azerbaijan,AZE,2014,34.2
Azerbaijan,AZE,2015,34.1
Azerbaijan,AZE,2016,34
Azerbaijan,AZE,2017,34
Azerbaijan,AZE,2018,34.1
Azerbaijan,AZE,2019,34.1
Barbados,BRB,1990,41.5
Barbados,BRB,1991,41.6
Barbados,BRB,1992,41.7
Barbados,BRB,1993,41.8
Barbados,BRB,1994,41.9
Barbados,BRB,1995,42
Barbados,BRB,1996,42.2
Barbados,BRB,1997,42.3
Barbados,BRB,1998,42.4
Barbados,BRB,1999,42.5
Barbados,BRB,2000,42.5
Barbados,BRB,2001,42.6
Barbados,BRB,2002,42.6
Barbados,BRB,2003,42.6
Barbados,BRB,2004,42.7
Barbados,BRB,2005,42.7
Barbados,BRB,2006,42.9
Barbados,BRB,2007,43
Barbados,BRB,2008,43.1
Barbados,BRB,2009,43.2
Barbados,BRB,2010,43.3
Barbados,BRB,2011,43.2
Barbados,BRB,2012,43.2
Barbados,BRB,2013,43.1
Barbados,BRB,2014,43.1
Barbados,BRB,2015,43
Barbados,BRB,2016,43
Barbados,BRB,2017,42.9
Barbados,BRB,2018,42.8
Barbados,BRB,2019,42.7
Belarus,BLR,1990,35.7
Belarus,BLR,1991,34.9
Belarus,BLR,1992,36.8
Belarus,BLR,1993,37.1
Belarus,BLR,1994,37.9
Belarus,BLR,1995,39.1
Belarus,BLR,1996,39.7
Belarus,BLR,1997,40.2
Belarus,BLR,1998,40.8
Belarus,BLR,1999,41.3
Belarus,BLR,2000,41.7
Belarus,BLR,2001,42.1
Belarus,BLR,2002,42.5
Belarus,BLR,2003,42.9
Belarus,BLR,2004,43.2
Belarus,BLR,2005,43.4
Belarus,BLR,2006,43.5
Belarus,BLR,2007,43.7
Belarus,BLR,2008,43.7
Belarus,BLR,2009,43.8
Belarus,BLR,2010,43.8
Belarus,BLR,2011,44
Belarus,BLR,2012,44.1
Belarus,BLR,2013,44.3
Belarus,BLR,2014,44.4
Belarus,BLR,2015,44.5
Belarus,BLR,2016,44.7
Belarus,BLR,2017,44.9
Belarus,BLR,2018,45.1
Belarus,BLR,2019,45.2
Benin,BEN,1990,46.9
Benin,BEN,1991,48.8
Benin,BEN,1992,50.3
Benin,BEN,1993,51.6
Benin,BEN,1994,52.7
Benin,BEN,1995,53.7
Benin,BEN,1996,54.5
Benin,BEN,1997,55.3
Benin,BEN,1998,55.9
Benin,BEN,1999,56.4
Benin,BEN,2000,56.8
Benin,BEN,2001,57
Benin,BEN,2002,57.2
Benin,BEN,2003,57.4
Benin,BEN,2004,57.6
Benin,BEN,2005,57.8
Benin,BEN,2006,58
Benin,BEN,2007,58.1
Benin,BEN,2008,58.3
Benin,BEN,2009,58.6
Benin,BEN,2010,58.9
Benin,BEN,2011,59.2
Benin,BEN,2012,59.5
Benin,BEN,2013,59.8
Benin,BEN,2014,60.1
Benin,BEN,2015,60.3
Benin,BEN,2016,60.5
Benin,BEN,2017,60.7
Benin,BEN,2018,60.9
Benin,BEN,2019,61.3
Bolivia,BOL,1990,49.8
Bolivia,BOL,1991,49.8
Bolivia,BOL,1992,49.5
Bolivia,BOL,1993,49
Bolivia,BOL,1994,48
Bolivia,BOL,1995,46.2
Bolivia,BOL,1996,44
Bolivia,BOL,1997,41.7
Bolivia,BOL,1998,39.8
Bolivia,BOL,1999,38.5
Bolivia,BOL,2000,37.5
Bolivia,BOL,2001,36.8
Bolivia,BOL,2002,36.1
Bolivia,BOL,2003,35.3
Bolivia,BOL,2004,34.5
Bolivia,BOL,2005,33.6
Bolivia,BOL,2006,32.7
Bolivia,BOL,2007,31.8
Bolivia,BOL,2008,30.9
Bolivia,BOL,2009,30.1
Bolivia,BOL,2010,29.5
Bolivia,BOL,2011,29.3
Bolivia,BOL,2012,29.2
Bolivia,BOL,2013,29.4
Bolivia,BOL,2014,29.6
Bolivia,BOL,2015,29.9
Bolivia,BOL,2016,30.2
Bolivia,BOL,2017,30.5
Bolivia,BOL,2018,30.6
Bolivia,BOL,2019,30.7
Botswana,BWA,1990,55.6
Botswana,BWA,1991,56.1
Botswana,BWA,1992,56.5
Botswana,BWA,1993,56.7
Botswana,BWA,1994,56.8
Botswana,BWA,1995,56.9
Botswana,BWA,1996,56.9
Botswana,BWA,1997,56.9
Botswana,BWA,1998,56.9
Botswana,BWA,1999,56.9
Botswana,BWA,2000,56.9
Botswana,BWA,2001,56.9
Botswana,BWA,2002,56.9
Botswana,BWA,2003,56.9
Botswana,BWA,2004,56.9
Botswana,BWA,2005,56.9
Botswana,BWA,2006,56.8
Botswana,BWA,2007,56.8
Botswana,BWA,2008,56.7
Botswana,BWA,2009,56.7
Botswana,BWA,2010,56.7
Botswana,BWA,2011,56.7
Botswana,BWA,2012,56.7
Botswana,BWA,2013,56.7
Botswana,BWA,2014,56.8
Botswana,BWA,2015,56.8
Botswana,BWA,2016,56.9
Botswana,BWA,2017,57
Botswana,BWA,2018,57.1
Botswana,BWA,2019,57.1
Bulgaria,BGR,1990,0
Bulgaria,BGR,1991,50
Bulgaria,BGR,1992,50
Bulgaria,BGR,1993,25
Bulgaria,BGR,1994,27.3
Bulgaria,BGR,1995,39.5
Bulgaria,BGR,1996,39.3
Bulgaria,BGR,1997,39.1
Bulgaria,BGR,1998,39.4
Bulgaria,BGR,1999,40.5
Bulgaria,BGR,2000,39
Bulgaria,BGR,2001,37
Bulgaria,BGR,2002,39.2
Bulgaria,BGR,2003,37.8
Bulgaria,BGR,2004,37.2
Bulgaria,BGR,2005,36.8
Bulgaria,BGR,2006,34.5
Bulgaria,BGR,2007,31.8
Bulgaria,BGR,2008,29.5
Bulgaria,BGR,2009,28.6
Bulgaria,BGR,2010,27.4
Bulgaria,BGR,2011,26.4
Bulgaria,BGR,2012,26
Bulgaria,BGR,2013,25.4
Bulgaria,BGR,2014,24.8
Bulgaria,BGR,2015,23.9
Bulgaria,BGR,2016,23.3
Bulgaria,BGR,2017,22.1
Bulgaria,BGR,2018,21
Bulgaria,BGR,2019,20.4
Burkina Faso,BFA,1990,50.4
Burkina Faso,BFA,1991,51
Burkina Faso,BFA,1992,51.6
Burkina Faso,BFA,1993,52.1
Burkina Faso,BFA,1994,52.5
Burkina Faso,BFA,1995,52.9
Burkina Faso,BFA,1996,53.2
Burkina Faso,BFA,1997,53.6
Burkina Faso,BFA,1998,53.9
Burkina Faso,BFA,1999,54.1
Burkina Faso,BFA,2000,54.4
Burkina Faso,BFA,2001,54.5
Burkina Faso,BFA,2002,54.7
Burkina Faso,BFA,2003,54.8
Burkina Faso,BFA,2004,55
Burkina Faso,BFA,2005,55.1
Burkina Faso,BFA,2006,55.2
Burkina Faso,BFA,2007,55.3
Burkina Faso,BFA,2008,55.4
Burkina Faso,BFA,2009,55.5
Burkina Faso,BFA,2010,55.6
Burkina Faso,BFA,2011,55.7
Burkina Faso,BFA,2012,56
Burkina Faso,BFA,2013,56.6
Burkina Faso,BFA,2014,57.3
Burkina Faso,BFA,2015,58.1
Burkina Faso,BFA,2016,58.8
Burkina Faso,BFA,2017,59.5
Burkina Faso,BFA,2018,60.1
Burkina Faso,BFA,2019,60.6
Burundi,BDI,1990,43.7
Burundi,BDI,1991,45.1
Burundi,BDI,1992,46.4
Burundi,BDI,1993,47.5
Burundi,BDI,1994,48.5
Burundi,BDI,1995,49.4
Burundi,BDI,1996,50.1
Burundi,BDI,1997,50.7
Burundi,BDI,1998,51.2
Burundi,BDI,1999,51.7
Burundi,BDI,2000,52.1
Burundi,BDI,2001,52.5
Burundi,BDI,2002,53
Burundi,BDI,2003,53.5
Burundi,BDI,2004,53.9
Burundi,BDI,2005,54.3
Burundi,BDI,2006,54.7
Burundi,BDI,2007,55.1
Burundi,BDI,2008,55.5
Burundi,BDI,2009,55.8
Burundi,BDI,2010,56.2
Burundi,BDI,2011,56.6
Burundi,BDI,2012,57
Burundi,BDI,2013,57.5
Burundi,BDI,2014,58.2
Burundi,BDI,2015,58.9
Burundi,BDI,2016,59.4
Burundi,BDI,2017,59.7
Burundi,BDI,2018,59.9
Burundi,BDI,2019,60.1
Cambodia,KHM,1990,35.7
Cambodia,KHM,1991,35.5
Cambodia,KHM,1992,35.2
Cambodia,KHM,1993,34.9
Cambodia,KHM,1994,34.8
Cambodia,KHM,1995,34.9
Cambodia,KHM,1996,35.5
Cambodia,KHM,1997,36.5
Cambodia,KHM,1998,37.8
Cambodia,KHM,1999,39.4
Cambodia,KHM,2000,41
Cambodia,KHM,2001,42.7
Cambodia,KHM,2002,44.2
Cambodia,KHM,2003,45.7
Cambodia,KHM,2004,47
Cambodia,KHM,2005,48.1
Cambodia,KHM,2006,48.8
Cambodia,KHM,2007,49.4
Cambodia,KHM,2008,49.8
Cambodia,KHM,2009,50.1
Cambodia,KHM,2010,50.4
Cambodia,KHM,2011,50.7
Cambodia,KHM,2012,51
Cambodia,KHM,2013,51.3
Cambodia,KHM,2014,51.5
Cambodia,KHM,2015,51.7
Cambodia,KHM,2016,51.8
Cambodia,KHM,2017,51.9
Cambodia,KHM,2018,52
Cambodia,KHM,2019,52
Cameroon,CMR,1990,62.3
Cameroon,CMR,1991,63.2
Cameroon,CMR,1992,63.9
Cameroon,CMR,1993,64.4
Cameroon,CMR,1994,64.9
Cameroon,CMR,1995,65.2
Cameroon,CMR,1996,65.5
Cameroon,CMR,1997,65.7
Cameroon,CMR,1998,65.8
Cameroon,CMR,1999,65.9
Cameroon,CMR,2000,66
Cameroon,CMR,2001,66.1
Cameroon,CMR,2002,66.1
Cameroon,CMR,2003,66.2
Cameroon,CMR,2004,66.2
Cameroon,CMR,2005,66.1
Cameroon,CMR,2006,66
Cameroon,CMR,2007,65.9
Cameroon,CMR,2008,65.7
Cameroon,CMR,2009,65.5
Cameroon,CMR,2010,65.3
Cameroon,CMR,2011,65.2
Cameroon,CMR,2012,65
Cameroon,CMR,2013,65.3
Cameroon,CMR,2014,65.7
Cameroon,CMR,2015,66.1
Cameroon,CMR,2016,66.4
Cameroon,CMR,2017,66.6
Cameroon,CMR,2018,66.8
Cameroon,CMR,2019,67
Cape Verde,CPV,1990,56.8
Cape Verde,CPV,1991,56.6
Cape Verde,CPV,1992,56.3
Cape Verde,CPV,1993,56.1
Cape Verde,CPV,1994,55.9
Cape Verde,CPV,1995,55.8
Cape Verde,CPV,1996,55.6
Cape Verde,CPV,1997,55.6
Cape Verde,CPV,1998,55.5
Cape Verde,CPV,1999,55.4
Cape Verde,CPV,2000,55.2
Cape Verde,CPV,2001,55
Cape Verde,CPV,2002,54.7
Cape Verde,CPV,2003,54.4
Cape Verde,CPV,2004,54
Cape Verde,CPV,2005,53.8
Cape Verde,CPV,2006,53.7
Cape Verde,CPV,2007,53.6
Cape Verde,CPV,2008,53.6
Cape Verde,CPV,2009,53.6
Cape Verde,CPV,2010,53.5
Cape Verde,CPV,2011,53.4
Cape Verde,CPV,2012,53.4
Cape Verde,CPV,2013,53.4
Cape Verde,CPV,2014,53.5
Cape Verde,CPV,2015,53.6
Cape Verde,CPV,2016,53.7
Cape Verde,CPV,2017,53.7
Cape Verde,CPV,2018,53.7
Cape Verde,CPV,2019,53.8
Central African Republic,CAF,1990,54.8
Central African Republic,CAF,1991,55.3
Central African Republic,CAF,1992,55.8
Central African Republic,CAF,1993,56.1
Central African Republic,CAF,1994,56.5
Central African Republic,CAF,1995,56.8
Central African Republic,CAF,1996,57
Central African Republic,CAF,1997,57.3
Central African Republic,CAF,1998,57.5
Central African Republic,CAF,1999,57.7
Central African Republic,CAF,2000,57.9
Central African Republic,CAF,2001,58
Central African Republic,CAF,2002,58.1
Central African Republic,CAF,2003,58.2
Central African Republic,CAF,2004,58.2
Central African Republic,CAF,2005,58.3
Central African Republic,CAF,2006,58.3
Central African Republic,CAF,2007,58.4
Central African Republic,CAF,2008,58.4
Central African Republic,CAF,2009,58.4
Central African Republic,CAF,2010,58.3
Central African Republic,CAF,2011,58.3
Central African Republic,CAF,2012,58.3
Central African Republic,CAF,2013,58.3
Central African Republic,CAF,2014,58.2
Central African Republic,CAF,2015,58.2
Central African Republic,CAF,2016,58.2
Central African Republic,CAF,2017,58.6
Central African Republic,CAF,2018,59.2
Central African Republic,CAF,2019,59.8
Chad,TCD,1990,56.4
Chad,TCD,1991,57.1
Chad,TCD,1992,57.7
Chad,TCD,1993,58.1
Chad,TCD,1994,58.5
Chad,TCD,1995,58.7
Chad,TCD,1996,59
Chad,TCD,1997,59.2
Chad,TCD,1998,59.4
Chad,TCD,1999,59.5
Chad,TCD,2000,59.6
Chad,TCD,2001,59.7
Chad,TCD,2002,59.8
Chad,TCD,2003,59.9
Chad,TCD,2004,59.9
Chad,TCD,2005,59.9
Chad,TCD,2006,59.9
Chad,TCD,2007,59.8
Chad,TCD,2008,59.7
Chad,TCD,2009,59.7
Chad,TCD,2010,59.7
Chad,TCD,2011,59.7
Chad,TCD,2012,59.7
Chad,TCD,2013,59.8
Chad,TCD,2014,59.9
Chad,TCD,2015,60
Chad,TCD,2016,60
Chad,TCD,2017,60.1
Chad,TCD,2018,60.2
Chad,TCD,2019,60.5
Chile,CHL,1990,17
Chile,CHL,1991,17
Chile,CHL,1992,17
Chile,CHL,1993,17
Chile,CHL,1994,17
Chile,CHL,1995,17
Chile,CHL,1996,17
Chile,CHL,1997,17
Chile,CHL,1998,17
Chile,CHL,1999,17
Chile,CHL,2000,17
Chile,CHL,2001,17
Chile,CHL,2002,17
Chile,CHL,2003,16.9
Chile,CHL,2004,16.9
Chile,CHL,2005,16.9
Chile,CHL,2006,16.9
Chile,CHL,2007,16.9
Chile,CHL,2008,16.9
Chile,CHL,2009,17
Chile,CHL,2010,17
Chile,CHL,2011,17.1
Chile,CHL,2012,17.1
Chile,CHL,2013,17.1
Chile,CHL,2014,17.2
Chile,CHL,2015,17.3
Chile,CHL,2016,17.4
Chile,CHL,2017,17.5
Chile,CHL,2018,17.6
Chile,CHL,2019,17.7
Colombia,COL,1990,28.9
Colombia,COL,1991,28.9
Colombia,COL,1992,29.3
Colombia,COL,1993,29.5
Colombia,COL,1994,29.5
Colombia,COL,1995,29.3
Colombia,COL,1996,29
Colombia,COL,1997,28.4
Colombia,COL,1998,27.8
Colombia,COL,1999,27.1
Colombia,COL,2000,26.4
Colombia,COL,2001,25.7
Colombia,COL,2002,25
Colombia,COL,2003,24.5
Colombia,COL,2004,24.2
Colombia,COL,2005,23.9
Colombia,COL,2006,23.6
Colombia,COL,2007,23.6
Colombia,COL,2008,23.6
Colombia,COL,2009,23.7
Colombia,COL,2010,23.7
Colombia,COL,2011,23.7
Colombia,COL,2012,23.8
Colombia,COL,2013,24
Colombia,COL,2014,24.1
Colombia,COL,2015,24.3
Colombia,COL,2016,24.5
Colombia,COL,2017,24.6
Colombia,COL,2018,24.8
Colombia,COL,2019,24.9
Comoros,COM,1990,50
Comoros,COM,1991,66.7
Comoros,COM,1992,50
Comoros,COM,1993,50
Comoros,COM,1994,50
Comoros,COM,1995,50
Comoros,COM,1996,46.2
Comoros,COM,1997,47.1
Comoros,COM,1998,40.9
Comoros,COM,1999,44.4
Comoros,COM,2000,42.4
Comoros,COM,2001,41
Comoros,COM,2002,41.3
Comoros,COM,2003,41.5
Comoros,COM,2004,41.7
Comoros,COM,2005,40.9
Comoros,COM,2006,41.1
Comoros,COM,2007,41
Comoros,COM,2008,41.5
Comoros,COM,2009,40.7
Comoros,COM,2010,41.1
Comoros,COM,2011,41.1
Comoros,COM,2012,41.4
Comoros,COM,2013,41.7
Comoros,COM,2014,42.1
Comoros,COM,2015,42.7
Comoros,COM,2016,42.1
Comoros,COM,2017,42.7
Comoros,COM,2018,43.3
Comoros,COM,2019,43.1
Congo,COG,1990,57.5
Congo,COG,1991,58.7
Congo,COG,1992,59.7
Congo,COG,1993,60.6
Congo,COG,1994,61.5
Congo,COG,1995,62.2
Congo,COG,1996,63
Congo,COG,1997,63.7
Congo,COG,1998,64.4
Congo,COG,1999,65.1
Congo,COG,2000,65.7
Congo,COG,2001,66.2
Congo,COG,2002,66.7
Congo,COG,2003,67.1
Congo,COG,2004,67.5
Congo,COG,2005,67.7
Congo,COG,2006,67.8
Congo,COG,2007,67.9
Congo,COG,2008,67.8
Congo,COG,2009,67.7
Congo,COG,2010,67.5
Congo,COG,2011,67.3
Congo,COG,2012,67.3
Congo,COG,2013,67.4
Congo,COG,2014,67.6
Congo,COG,2015,67.8
Congo,COG,2016,67.9
Congo,COG,2017,68.1
Congo,COG,2018,68.2
Congo,COG,2019,68.2
Costa Rica,CRI,1990,25.4
Costa Rica,CRI,1991,25.9
Costa Rica,CRI,1992,26.4
Costa Rica,CRI,1993,26.9
Costa Rica,CRI,1994,27.4
Costa Rica,CRI,1995,27.8
Costa Rica,CRI,1996,28.2
Costa Rica,CRI,1997,28.5
Costa Rica,CRI,1998,28.8
Costa Rica,CRI,1999,29.1
Costa Rica,CRI,2000,29.3
Costa Rica,CRI,2001,29.5
Costa Rica,CRI,2002,29.5
Costa Rica,CRI,2003,29.6
Costa Rica,CRI,2004,29.7
Costa Rica,CRI,2005,29.8
Costa Rica,CRI,2006,29.8
Costa Rica,CRI,2007,29.8
Costa Rica,CRI,2008,29.9
Costa Rica,CRI,2009,29.9
Costa Rica,CRI,2010,29.9
Costa Rica,CRI,2011,29.8
Costa Rica,CRI,2012,29.5
Costa Rica,CRI,2013,29.2
Costa Rica,CRI,2014,28.9
Costa Rica,CRI,2015,28.6
Costa Rica,CRI,2016,28.3
Costa Rica,CRI,2017,28.2
Costa Rica,CRI,2018,28.1
Costa Rica,CRI,2019,28.1
Cote d'Ivoire,CIV,1990,53.3
Cote d'Ivoire,CIV,1991,54.1
Cote d'Ivoire,CIV,1992,54.8
Cote d'Ivoire,CIV,1993,55.5
Cote d'Ivoire,CIV,1994,56
Cote d'Ivoire,CIV,1995,56.6
Cote d'Ivoire,CIV,1996,57.1
Cote d'Ivoire,CIV,1997,57.6
Cote d'Ivoire,CIV,1998,58
Cote d'Ivoire,CIV,1999,58.5
Cote d'Ivoire,CIV,2000,58.9
Cote d'Ivoire,CIV,2001,59.3
Cote d'Ivoire,CIV,2002,59.7
Cote d'Ivoire,CIV,2003,60.1
Cote d'Ivoire,CIV,2004,60.5
Cote d'Ivoire,CIV,2005,60.8
Cote d'Ivoire,CIV,2006,61.3
Cote d'Ivoire,CIV,2007,61.7
Cote d'Ivoire,CIV,2008,62.1
Cote d'Ivoire,CIV,2009,62.5
Cote d'Ivoire,CIV,2010,62.8
Cote d'Ivoire,CIV,2011,63.2
Cote d'Ivoire,CIV,2012,63.5
Cote d'Ivoire,CIV,2013,63.8
Cote d'Ivoire,CIV,2014,64
Cote d'Ivoire,CIV,2015,64.4
Cote d'Ivoire,CIV,2016,64.7
Cote d'Ivoire,CIV,2017,65.1
Cote d'Ivoire,CIV,2018,65.5
Cote d'Ivoire,CIV,2019,65.8
Cuba,CUB,1990,17.6
Cuba,CUB,1991,17.5
Cuba,CUB,1992,17.5
Cuba,CUB,1993,17.6
Cuba,CUB,1994,17.6
Cuba,CUB,1995,17.6
Cuba,CUB,1996,17.6
Cuba,CUB,1997,17.6
Cuba,CUB,1998,17.6
Cuba,CUB,1999,17.6
Cuba,CUB,2000,17.6
Cuba,CUB,2001,17.7
Cuba,CUB,2002,17.7
Cuba,CUB,2003,17.7
Cuba,CUB,2004,17.7
Cuba,CUB,2005,17.7
Cuba,CUB,2006,17.7
Cuba,CUB,2007,17.7
Cuba,CUB,2008,17.7
Cuba,CUB,2009,17.7
Cuba,CUB,2010,17.7
Cuba,CUB,2011,17.7
Cuba,CUB,2012,17.7
Cuba,CUB,2013,17.7
Cuba,CUB,2014,17.7
Cuba,CUB,2015,17.7
Cuba,CUB,2016,17.7
Cuba,CUB,2017,17.7
Cuba,CUB,2018,17.7
Cuba,CUB,2019,17.7
Democratic Republic of Congo,COD,1990,61.2
Democratic Republic of Congo,COD,1991,62.9
Democratic Republic of Congo,COD,1992,64.4
Democratic Republic of Congo,COD,1993,65.6
Democratic Republic of Congo,COD,1994,66.7
Democratic Republic of Congo,COD,1995,67.7
Democratic Republic of Congo,COD,1996,68.6
Democratic Republic of Congo,COD,1997,69.4
Democratic Republic of Congo,COD,1998,70.1
Democratic Republic of Congo,COD,1999,70.7
Democratic Republic of Congo,COD,2000,71.2
Democratic Republic of Congo,COD,2001,71.7
Democratic Republic of Congo,COD,2002,72.1
Democratic Republic of Congo,COD,2003,72.5
Democratic Republic of Congo,COD,2004,72.8
Democratic Republic of Congo,COD,2005,73
Democratic Republic of Congo,COD,2006,73.1
Democratic Republic of Congo,COD,2007,73.1
Democratic Republic of Congo,COD,2008,73.1
Democratic Republic of Congo,COD,2009,73.1
Democratic Republic of Congo,COD,2010,72.9
Democratic Republic of Congo,COD,2011,72.8
Democratic Republic of Congo,COD,2012,72.8
Democratic Republic of Congo,COD,2013,72.8
Democratic Republic of Congo,COD,2014,72.9
Democratic Republic of Congo,COD,2015,73
Democratic Republic of Congo,COD,2016,73
Democratic Republic of Congo,COD,2017,72.9
Democratic Republic of Congo,COD,2018,72.8
Democratic Republic of Congo,COD,2019,72.8
Djibouti,DJI,1990,47.5
Djibouti,DJI,1991,49
Djibouti,DJI,1992,50.3
Djibouti,DJI,1993,51.5
Djibouti,DJI,1994,52.5
Djibouti,DJI,1995,53.4
Djibouti,DJI,1996,54
Djibouti,DJI,1997,54.6
Djibouti,DJI,1998,54.8
Djibouti,DJI,1999,55
Djibouti,DJI,2000,55.1
Djibouti,DJI,2001,55.2
Djibouti,DJI,2002,55.3
Djibouti,DJI,2003,55.4
Djibouti,DJI,2004,55.5
Djibouti,DJI,2005,55.5
Djibouti,DJI,2006,55.6
Djibouti,DJI,2007,55.7
Djibouti,DJI,2008,55.8
Djibouti,DJI,2009,55.8
Djibouti,DJI,2010,55.9
Djibouti,DJI,2011,55.8
Djibouti,DJI,2012,55.8
Djibouti,DJI,2013,55.8
Djibouti,DJI,2014,55.8
Djibouti,DJI,2015,55.9
Djibouti,DJI,2016,55.8
Djibouti,DJI,2017,55.7
Djibouti,DJI,2018,56
Djibouti,DJI,2019,56.3
Dominican Republic,DOM,1990,49.9
Dominican Republic,DOM,1991,50.5
Dominican Republic,DOM,1992,50.6
Dominican Republic,DOM,1993,50.3
Dominican Republic,DOM,1994,49.8
Dominican Republic,DOM,1995,49.2
Dominican Republic,DOM,1996,48.6
Dominican Republic,DOM,1997,48
Dominican Republic,DOM,1998,47.5
Dominican Republic,DOM,1999,47.1
Dominican Republic,DOM,2000,46.7
Dominican Republic,DOM,2001,46.5
Dominican Republic,DOM,2002,46.4
Dominican Republic,DOM,2003,46.3
Dominican Republic,DOM,2004,46.4
Dominican Republic,DOM,2005,46.5
Dominican Republic,DOM,2006,46.8
Dominican Republic,DOM,2007,47
Dominican Republic,DOM,2008,47.4
Dominican Republic,DOM,2009,47.7
Dominican Republic,DOM,2010,48
Dominican Republic,DOM,2011,48.3
Dominican Republic,DOM,2012,48.5
Dominican Republic,DOM,2013,48.7
Dominican Republic,DOM,2014,48.7
Dominican Republic,DOM,2015,48.6
Dominican Republic,DOM,2016,48.4
Dominican Republic,DOM,2017,48.2
Dominican Republic,DOM,2018,47.9
Dominican Republic,DOM,2019,47.6
Ecuador,ECU,1990,27
Ecuador,ECU,1991,27.3
Ecuador,ECU,1992,27.4
Ecuador,ECU,1993,27.6
Ecuador,ECU,1994,27.6
Ecuador,ECU,1995,27.6
Ecuador,ECU,1996,27.6
Ecuador,ECU,1997,27.6
Ecuador,ECU,1998,27.6
Ecuador,ECU,1999,27.5
Ecuador,ECU,2000,27.6
Ecuador,ECU,2001,27.6
Ecuador,ECU,2002,27.6
Ecuador,ECU,2003,27.7
Ecuador,ECU,2004,27.7
Ecuador,ECU,2005,27.8
Ecuador,ECU,2006,27.9
Ecuador,ECU,2007,28
Ecuador,ECU,2008,28.1
Ecuador,ECU,2009,28.2
Ecuador,ECU,2010,28.4
Ecuador,ECU,2011,28.5
Ecuador,ECU,2012,28.6
Ecuador,ECU,2013,28.9
Ecuador,ECU,2014,29.4
Ecuador,ECU,2015,30
Ecuador,ECU,2016,30.3
Ecuador,ECU,2017,30.6
Ecuador,ECU,2018,30.7
Ecuador,ECU,2019,30.8
Egypt,EGY,1990,25.2
Egypt,EGY,1991,25.6
Egypt,EGY,1992,26
Egypt,EGY,1993,26.7
Egypt,EGY,1994,27
Egypt,EGY,1995,27.4
Egypt,EGY,1996,27.7
Egypt,EGY,1997,28
Egypt,EGY,1998,28.3
Egypt,EGY,1999,28.6
Egypt,EGY,2000,28.8
Egypt,EGY,2001,29
Egypt,EGY,2002,29.2
Egypt,EGY,2003,29.4
Egypt,EGY,2004,29.5
Egypt,EGY,2005,29.6
Egypt,EGY,2006,29.7
Egypt,EGY,2007,29.4
Egypt,EGY,2008,29.1
Egypt,EGY,2009,29
Egypt,EGY,2010,28.9
Egypt,EGY,2011,29.1
Egypt,EGY,2012,29.3
Egypt,EGY,2013,29.5
Egypt,EGY,2014,29.6
Egypt,EGY,2015,29.7
Egypt,EGY,2016,29.8
Egypt,EGY,2017,29.8
Egypt,EGY,2018,29.9
Egypt,EGY,2019,30
El Salvador,SLV,1990,28.7
El Salvador,SLV,1991,29.2
El Salvador,SLV,1992,29.7
El Salvador,SLV,1993,30.1
El Salvador,SLV,1994,30.5
El Salvador,SLV,1995,30.9
El Salvador,SLV,1996,31.3
El Salvador,SLV,1997,31.6
El Salvador,SLV,1998,31.9
El Salvador,SLV,1999,32.2
El Salvador,SLV,2000,32.5
El Salvador,SLV,2001,32.8
El Salvador,SLV,2002,33
El Salvador,SLV,2003,33.2
El Salvador,SLV,2004,33.3
El Salvador,SLV,2005,33.3
El Salvador,SLV,2006,33.3
El Salvador,SLV,2007,33.4
El Salvador,SLV,2008,33.6
El Salvador,SLV,2009,33.7
El Salvador,SLV,2010,33.9
El Salvador,SLV,2011,34.1
El Salvador,SLV,2012,34.3
El Salvador,SLV,2013,34.8
El Salvador,SLV,2014,35.3
El Salvador,SLV,2015,35.9
El Salvador,SLV,2016,36.3
El Salvador,SLV,2017,36.6
El Salvador,SLV,2018,37
El Salvador,SLV,2019,37.3
Equatorial Guinea,GNQ,1990,52.4
Equatorial Guinea,GNQ,1991,53.1
Equatorial Guinea,GNQ,1992,53.6
Equatorial Guinea,GNQ,1993,53.9
Equatorial Guinea,GNQ,1994,54.1
Equatorial Guinea,GNQ,1995,54.2
Equatorial Guinea,GNQ,1996,54.1
Equatorial Guinea,GNQ,1997,54.1
Equatorial Guinea,GNQ,1998,53.9
Equatorial Guinea,GNQ,1999,53.7
Equatorial Guinea,GNQ,2000,53.5
Equatorial Guinea,GNQ,2001,53.2
Equatorial Guinea,GNQ,2002,53
Equatorial Guinea,GNQ,2003,52.6
Equatorial Guinea,GNQ,2004,52.3
Equatorial Guinea,GNQ,2005,52
Equatorial Guinea,GNQ,2006,51.8
Equatorial Guinea,GNQ,2007,51.6
Equatorial Guinea,GNQ,2008,51.4
Equatorial Guinea,GNQ,2009,51.3
Equatorial Guinea,GNQ,2010,50.8
Equatorial Guinea,GNQ,2011,50.1
Equatorial Guinea,GNQ,2012,49.8
Equatorial Guinea,GNQ,2013,49.8
Equatorial Guinea,GNQ,2014,50
Equatorial Guinea,GNQ,2015,50.2
Equatorial Guinea,GNQ,2016,50.5
Equatorial Guinea,GNQ,2017,50.9
Equatorial Guinea,GNQ,2018,51.1
Equatorial Guinea,GNQ,2019,51.5
Eritrea,ERI,1990,46.8
Eritrea,ERI,1991,48.6
Eritrea,ERI,1992,50
Eritrea,ERI,1993,51.3
Eritrea,ERI,1994,52.4
Eritrea,ERI,1995,53.3
Eritrea,ERI,1996,54.1
Eritrea,ERI,1997,54.8
Eritrea,ERI,1998,55.4
Eritrea,ERI,1999,56
Eritrea,ERI,2000,56.6
Eritrea,ERI,2001,57.1
Eritrea,ERI,2002,57.7
Eritrea,ERI,2003,58.2
Eritrea,ERI,2004,58.7
Eritrea,ERI,2005,59.1
Eritrea,ERI,2006,59.3
Eritrea,ERI,2007,59.3
Eritrea,ERI,2008,59.4
Eritrea,ERI,2009,59.4
Eritrea,ERI,2010,59.3
Eritrea,ERI,2011,59.2
Eritrea,ERI,2012,59.2
Eritrea,ERI,2013,59.1
Eritrea,ERI,2014,59.1
Eritrea,ERI,2015,59.1
Eritrea,ERI,2016,59.1
Eritrea,ERI,2017,59.1
Eritrea,ERI,2018,59.2
Eritrea,ERI,2019,59.4
Eswatini,SWZ,1990,46.7
Eswatini,SWZ,1991,49.8
Eswatini,SWZ,1992,52.5
Eswatini,SWZ,1993,54.5
Eswatini,SWZ,1994,56
Eswatini,SWZ,1995,57.1
Eswatini,SWZ,1996,58
Eswatini,SWZ,1997,58.6
Eswatini,SWZ,1998,59.2
Eswatini,SWZ,1999,59.8
Eswatini,SWZ,2000,60.3
Eswatini,SWZ,2001,60.9
Eswatini,SWZ,2002,61.4
Eswatini,SWZ,2003,61.9
Eswatini,SWZ,2004,62.4
Eswatini,SWZ,2005,62.9
Eswatini,SWZ,2006,63.3
Eswatini,SWZ,2007,63.7
Eswatini,SWZ,2008,64
Eswatini,SWZ,2009,64.2
Eswatini,SWZ,2010,64.3
Eswatini,SWZ,2011,64.3
Eswatini,SWZ,2012,64.2
Eswatini,SWZ,2013,64.2
Eswatini,SWZ,2014,64.1
Eswatini,SWZ,2015,64
Eswatini,SWZ,2016,63.9
Eswatini,SWZ,2017,63.7
Eswatini,SWZ,2018,63.6
Eswatini,SWZ,2019,63.4
Ethiopia,ETH,1990,53
Ethiopia,ETH,1991,54.3
Ethiopia,ETH,1992,55.4
Ethiopia,ETH,1993,56.2
Ethiopia,ETH,1994,57
Ethiopia,ETH,1995,57.7
Ethiopia,ETH,1996,58.3
Ethiopia,ETH,1997,58.9
Ethiopia,ETH,1998,59.4
Ethiopia,ETH,1999,59.9
Ethiopia,ETH,2000,60.4
Ethiopia,ETH,2001,60.9
Ethiopia,ETH,2002,61.3
Ethiopia,ETH,2003,61.7
Ethiopia,ETH,2004,62
Ethiopia,ETH,2005,62.2
Ethiopia,ETH,2006,62.4
Ethiopia,ETH,2007,62.5
Ethiopia,ETH,2008,62.6
Ethiopia,ETH,2009,62.6
Ethiopia,ETH,2010,62.6
Ethiopia,ETH,2011,62.6
Ethiopia,ETH,2012,62.6
Ethiopia,ETH,2013,62.6
Ethiopia,ETH,2014,62.5
Ethiopia,ETH,2015,62.5
Ethiopia,ETH,2016,62.5
Ethiopia,ETH,2017,62.6
Ethiopia,ETH,2018,62.6
Ethiopia,ETH,2019,62.7
Fiji,FJI,1990,33.3
Fiji,FJI,1991,32
Fiji,FJI,1992,34.4
Fiji,FJI,1993,35
Fiji,FJI,1994,35.4
Fiji,FJI,1995,35.1
Fiji,FJI,1996,35.3
Fiji,FJI,1997,35.4
Fiji,FJI,1998,35.2
Fiji,FJI,1999,34.3
Fiji,FJI,2000,33.3
Fiji,FJI,2001,32.8
Fiji,FJI,2002,32.5
Fiji,FJI,2003,31.8
Fiji,FJI,2004,31.9
Fiji,FJI,2005,32.3
Fiji,FJI,2006,32.5
Fiji,FJI,2007,32.7
Fiji,FJI,2008,32.9
Fiji,FJI,2009,33.5
Fiji,FJI,2010,33.8
Fiji,FJI,2011,34.2
Fiji,FJI,2012,34.5
Fiji,FJI,2013,34.7
Fiji,FJI,2014,34.7
Fiji,FJI,2015,34.4
Fiji,FJI,2016,33.9
Fiji,FJI,2017,33.4
Fiji,FJI,2018,32.7
Fiji,FJI,2019,31.8
Gabon,GAB,1990,65.4
Gabon,GAB,1991,66.2
Gabon,GAB,1992,66.9
Gabon,GAB,1993,67.4
Gabon,GAB,1994,67.8
Gabon,GAB,1995,68.1
Gabon,GAB,1996,68.3
Gabon,GAB,1997,68.5
Gabon,GAB,1998,68.6
Gabon,GAB,1999,68.7
Gabon,GAB,2000,68.9
Gabon,GAB,2001,69
Gabon,GAB,2002,69.1
Gabon,GAB,2003,69.2
Gabon,GAB,2004,69.1
Gabon,GAB,2005,68.8
Gabon,GAB,2006,68.5
Gabon,GAB,2007,68
Gabon,GAB,2008,67.6
Gabon,GAB,2009,67.3
Gabon,GAB,2010,67.1
Gabon,GAB,2011,66.8
Gabon,GAB,2012,66.7
Gabon,GAB,2013,66.7
Gabon,GAB,2014,66.8
Gabon,GAB,2015,67
Gabon,GAB,2016,67.1
Gabon,GAB,2017,67.3
Gabon,GAB,2018,67.4
Gabon,GAB,2019,67.6
Gambia,GMB,1990,52.8
Gambia,GMB,1991,53.6
Gambia,GMB,1992,54.2
Gambia,GMB,1993,54.6
Gambia,GMB,1994,55
Gambia,GMB,1995,55.4
Gambia,GMB,1996,55.7
Gambia,GMB,1997,56.1
Gambia,GMB,1998,56.3
Gambia,GMB,1999,56.6
Gambia,GMB,2000,56.8
Gambia,GMB,2001,57
Gambia,GMB,2002,57.1
Gambia,GMB,2003,57.3
Gambia,GMB,2004,57.4
Gambia,GMB,2005,57.5
Gambia,GMB,2006,57.6
Gambia,GMB,2007,57.7
Gambia,GMB,2008,57.8
Gambia,GMB,2009,57.9
Gambia,GMB,2010,58
Gambia,GMB,2011,58.1
Gambia,GMB,2012,58.5
Gambia,GMB,2013,58.9
Gambia,GMB,2014,59.2
Gambia,GMB,2015,59.6
Gambia,GMB,2016,59.9
Gambia,GMB,2017,60.3
Gambia,GMB,2018,60.6
Gambia,GMB,2019,61
Georgia,GEO,1990,20
Georgia,GEO,1991,25
Georgia,GEO,1992,23.1
Georgia,GEO,1993,25
Georgia,GEO,1994,26.7
Georgia,GEO,1995,27.3
Georgia,GEO,1996,28.6
Georgia,GEO,1997,28.7
Georgia,GEO,1998,29.5
Georgia,GEO,1999,30.2
Georgia,GEO,2000,30.5
Georgia,GEO,2001,30.7
Georgia,GEO,2002,30.9
Georgia,GEO,2003,31.2
Georgia,GEO,2004,31.3
Georgia,GEO,2005,31.4
Georgia,GEO,2006,31.5
Georgia,GEO,2007,31.6
Georgia,GEO,2008,31.6
Georgia,GEO,2009,31.7
Georgia,GEO,2010,31.7
Georgia,GEO,2011,31.7
Georgia,GEO,2012,31.8
Georgia,GEO,2013,31.8
Georgia,GEO,2014,31.9
Georgia,GEO,2015,31.9
Georgia,GEO,2016,31.9
Georgia,GEO,2017,31.9
Georgia,GEO,2018,31.9
Georgia,GEO,2019,31.9
Ghana,GHA,1990,61.7
Ghana,GHA,1991,62.1
Ghana,GHA,1992,62.4
Ghana,GHA,1993,62.6
Ghana,GHA,1994,62.8
Ghana,GHA,1995,63
Ghana,GHA,1996,63.2
Ghana,GHA,1997,63.3
Ghana,GHA,1998,63.5
Ghana,GHA,1999,63.6
Ghana,GHA,2000,63.8
Ghana,GHA,2001,63.9
Ghana,GHA,2002,64
Ghana,GHA,2003,64.1
Ghana,GHA,2004,64.2
Ghana,GHA,2005,64.2
Ghana,GHA,2006,64.2
Ghana,GHA,2007,64.1
Ghana,GHA,2008,64
Ghana,GHA,2009,63.9
Ghana,GHA,2010,63.7
Ghana,GHA,2011,63.5
Ghana,GHA,2012,63.5
Ghana,GHA,2013,63.6
Ghana,GHA,2014,63.7
Ghana,GHA,2015,63.9
Ghana,GHA,2016,64.2
Ghana,GHA,2017,64.6
Ghana,GHA,2018,65.1
Ghana,GHA,2019,65.6
Guatemala,GTM,1990,41.9
Guatemala,GTM,1991,39.1
Guatemala,GTM,1992,36.7
Guatemala,GTM,1993,34.8
Guatemala,GTM,1994,33.6
Guatemala,GTM,1995,33.2
Guatemala,GTM,1996,33.2
Guatemala,GTM,1997,33.6
Guatemala,GTM,1998,34.3
Guatemala,GTM,1999,35.2
Guatemala,GTM,2000,36.3
Guatemala,GTM,2001,37.6
Guatemala,GTM,2002,38.9
Guatemala,GTM,2003,40.2
Guatemala,GTM,2004,40.7
Guatemala,GTM,2005,41.1
Guatemala,GTM,2006,41.5
Guatemala,GTM,2007,41.8
Guatemala,GTM,2008,42
Guatemala,GTM,2009,42.2
Guatemala,GTM,2010,42.3
Guatemala,GTM,2011,42.2
Guatemala,GTM,2012,42.1
Guatemala,GTM,2013,42
Guatemala,GTM,2014,41.9
Guatemala,GTM,2015,41.9
Guatemala,GTM,2016,41.7
Guatemala,GTM,2017,41.5
Guatemala,GTM,2018,41.1
Guatemala,GTM,2019,40.6
Guinea,GIN,1990,63
Guinea,GIN,1991,63.8
Guinea,GIN,1992,64.5
Guinea,GIN,1993,65.1
Guinea,GIN,1994,65.6
Guinea,GIN,1995,66.1
Guinea,GIN,1996,66.5
Guinea,GIN,1997,66.9
Guinea,GIN,1998,67.2
Guinea,GIN,1999,67.6
Guinea,GIN,2000,67.9
Guinea,GIN,2001,68.2
Guinea,GIN,2002,68.4
Guinea,GIN,2003,68.6
Guinea,GIN,2004,68.7
Guinea,GIN,2005,68.8
Guinea,GIN,2006,68.8
Guinea,GIN,2007,68.6
Guinea,GIN,2008,68.4
Guinea,GIN,2009,68.2
Guinea,GIN,2010,68
Guinea,GIN,2011,67.8
Guinea,GIN,2012,67.6
Guinea,GIN,2013,67.5
Guinea,GIN,2014,67.4
Guinea,GIN,2015,67.4
Guinea,GIN,2016,67.3
Guinea,GIN,2017,67.3
Guinea,GIN,2018,67.1
Guinea,GIN,2019,67
Guinea-Bissau,GNB,1990,56.1
Guinea-Bissau,GNB,1991,56.9
Guinea-Bissau,GNB,1992,57.6
Guinea-Bissau,GNB,1993,58.2
Guinea-Bissau,GNB,1994,58.7
Guinea-Bissau,GNB,1995,59.1
Guinea-Bissau,GNB,1996,59.3
Guinea-Bissau,GNB,1997,59.6
Guinea-Bissau,GNB,1998,59.7
Guinea-Bissau,GNB,1999,59.8
Guinea-Bissau,GNB,2000,59.9
Guinea-Bissau,GNB,2001,60
Guinea-Bissau,GNB,2002,60.1
Guinea-Bissau,GNB,2003,60.1
Guinea-Bissau,GNB,2004,60.2
Guinea-Bissau,GNB,2005,60.3
Guinea-Bissau,GNB,2006,60.3
Guinea-Bissau,GNB,2007,60.3
Guinea-Bissau,GNB,2008,60.3
Guinea-Bissau,GNB,2009,60.3
Guinea-Bissau,GNB,2010,60.2
Guinea-Bissau,GNB,2011,60.2
Guinea-Bissau,GNB,2012,60.2
Guinea-Bissau,GNB,2013,60.4
Guinea-Bissau,GNB,2014,60.7
Guinea-Bissau,GNB,2015,61.2
Guinea-Bissau,GNB,2016,61.6
Guinea-Bissau,GNB,2017,61.9
Guinea-Bissau,GNB,2018,62.2
Guinea-Bissau,GNB,2019,62.8
Guyana,GUY,1990,44.6
Guyana,GUY,1991,44.2
Guyana,GUY,1992,43.3
Guyana,GUY,1993,42.5
Guyana,GUY,1994,42
Guyana,GUY,1995,42.3
Guyana,GUY,1996,43.4
Guyana,GUY,1997,45.5
Guyana,GUY,1998,48.4
Guyana,GUY,1999,51.4
Guyana,GUY,2000,54.1
Guyana,GUY,2001,56
Guyana,GUY,2002,57.1
Guyana,GUY,2003,57.4
Guyana,GUY,2004,57
Guyana,GUY,2005,56.3
Guyana,GUY,2006,55.4
Guyana,GUY,2007,54.4
Guyana,GUY,2008,53.4
Guyana,GUY,2009,52.5
Guyana,GUY,2010,51.7
Guyana,GUY,2011,51
Guyana,GUY,2012,50.3
Guyana,GUY,2013,49.8
Guyana,GUY,2014,49.4
Guyana,GUY,2015,49.2
Guyana,GUY,2016,49
Guyana,GUY,2017,48.8
Guyana,GUY,2018,48.7
Guyana,GUY,2019,48.7
Haiti,HTI,1990,47.3
Haiti,HTI,1991,48.3
Haiti,HTI,1992,49.2
Haiti,HTI,1993,49.9
Haiti,HTI,1994,50.6
Haiti,HTI,1995,51.3
Haiti,HTI,1996,51.9
Haiti,HTI,1997,52.4
Haiti,HTI,1998,53
Haiti,HTI,1999,53.5
Haiti,HTI,2000,53.9
Haiti,HTI,2001,54.3
Haiti,HTI,2002,54.7
Haiti,HTI,2003,55
Haiti,HTI,2004,55.3
Haiti,HTI,2005,55.6
Haiti,HTI,2006,55.8
Haiti,HTI,2007,56
Haiti,HTI,2008,56.1
Haiti,HTI,2009,56.2
Haiti,HTI,2010,56.3
Haiti,HTI,2011,56.4
Haiti,HTI,2012,56.6
Haiti,HTI,2013,56.8
Haiti,HTI,2014,57.1
Haiti,HTI,2015,57.3
Haiti,HTI,2016,57.6
Haiti,HTI,2017,57.7
Haiti,HTI,2018,57.9
Haiti,HTI,2019,58
Honduras,HND,1990,27.5
Honduras,HND,1991,27.9
Honduras,HND,1992,28.3
Honduras,HND,1993,28.7
Honduras,HND,1994,29
Honduras,HND,1995,29.3
Honduras,HND,1996,29.6
Honduras,HND,1997,29.9
Honduras,HND,1998,30.1
Honduras,HND,1999,30.3
Honduras,HND,2000,30.5
Honduras,HND,2001,30.8
Honduras,HND,2002,31
Honduras,HND,2003,31.3
Honduras,HND,2004,32
Honduras,HND,2005,32.7
Honduras,HND,2006,33.4
Honduras,HND,2007,34.2
Honduras,HND,2008,35
Honduras,HND,2009,35.8
Honduras,HND,2010,36.6
Honduras,HND,2011,37.2
Honduras,HND,2012,37.7
Honduras,HND,2013,38.2
Honduras,HND,2014,38.6
Honduras,HND,2015,38.9
Honduras,HND,2016,39.1
Honduras,HND,2017,39.2
Honduras,HND,2018,39.2
Honduras,HND,2019,39.1
IDA only,,1990,51.07448821
IDA only,,1991,51.48387369
IDA only,,1992,51.83337295
IDA only,,1993,52.1405358
IDA only,,1994,52.57847395
IDA only,,1995,52.68508331
IDA only,,1996,52.76726027
IDA only,,1997,52.88687546
IDA only,,1998,53.13212219
IDA only,,1999,53.41693065
IDA only,,2000,53.56858197
IDA only,,2001,53.72034759
IDA only,,2002,53.83856421
IDA only,,2003,54.09559804
IDA only,,2004,54.2285804
IDA only,,2005,54.19799478
IDA only,,2006,54.29042587
IDA only,,2007,54.37039236
IDA only,,2008,54.39089788
IDA only,,2009,54.46567592
IDA only,,2010,54.49808819
IDA only,,2011,54.58150135
IDA only,,2012,54.71452546
IDA only,,2013,54.98725073
IDA only,,2014,55.21097605
IDA only,,2015,55.44754508
IDA only,,2016,55.60602044
IDA only,,2017,56.01263002
IDA only,,2018,56.17826936
IDA only,,2019,56.32855454
Iran,IRN,1990,60.5
Iran,IRN,1991,59.2
Iran,IRN,1992,57
Iran,IRN,1993,53.5
Iran,IRN,1994,50.1
Iran,IRN,1995,46.7
Iran,IRN,1996,43.9
Iran,IRN,1997,39.6
Iran,IRN,1998,35.6
Iran,IRN,1999,31.7
Iran,IRN,2000,28.2
Iran,IRN,2001,25.7
Iran,IRN,2002,24
Iran,IRN,2003,22.8
Iran,IRN,2004,22
Iran,IRN,2005,21.5
Iran,IRN,2006,21.3
Iran,IRN,2007,21.3
Iran,IRN,2008,21.5
Iran,IRN,2009,21.8
Iran,IRN,2010,22.2
Iran,IRN,2011,22.6
Iran,IRN,2012,23
Iran,IRN,2013,23.5
Iran,IRN,2014,24
Iran,IRN,2015,24.5
Iran,IRN,2016,25
Iran,IRN,2017,25.5
Iran,IRN,2018,26
Iran,IRN,2019,26.5
Ireland,IRL,1990,28.5
Ireland,IRL,1991,30.7
Ireland,IRL,1992,33
Ireland,IRL,1993,35.1
Ireland,IRL,1994,36.9
Ireland,IRL,1995,38.3
Ireland,IRL,1996,39.6
Ireland,IRL,1997,40.4
Ireland,IRL,1998,41
Ireland,IRL,1999,41.5
Ireland,IRL,2000,41.6
Ireland,IRL,2001,41.3
Ireland,IRL,2002,40.8
Ireland,IRL,2003,40.1
Ireland,IRL,2004,39.3
Ireland,IRL,2005,38.5
Ireland,IRL,2006,37.7
Ireland,IRL,2007,37
Ireland,IRL,2008,36.3
Ireland,IRL,2009,35.5
Ireland,IRL,2010,34.8
Ireland,IRL,2011,34
Ireland,IRL,2012,33.3
Ireland,IRL,2013,32.7
Ireland,IRL,2014,32
Ireland,IRL,2015,31.5
Ireland,IRL,2016,30.9
Ireland,IRL,2017,30.4
Ireland,IRL,2018,29.8
Ireland,IRL,2019,29.4
Italy,ITA,1990,23.9
Italy,ITA,1991,24.4
Italy,ITA,1992,24.8
Italy,ITA,1993,25.2
Italy,ITA,1994,25.6
Italy,ITA,1995,26.1
Italy,ITA,1996,26.5
Italy,ITA,1997,26.8
Italy,ITA,1998,27.2
Italy,ITA,1999,27.5
Italy,ITA,2000,27.7
Italy,ITA,2001,27.9
Italy,ITA,2002,28
Italy,ITA,2003,28.1
Italy,ITA,2004,28.2
Italy,ITA,2005,28.3
Italy,ITA,2006,28.4
Italy,ITA,2007,28.5
Italy,ITA,2008,28.6
Italy,ITA,2009,28.7
Italy,ITA,2010,28.8
Italy,ITA,2011,28.9
Italy,ITA,2012,29
Italy,ITA,2013,29
Italy,ITA,2014,29.1
Italy,ITA,2015,29.2
Italy,ITA,2016,29.2
Italy,ITA,2017,29.3
Italy,ITA,2018,29.4
Italy,ITA,2019,29.4
Jamaica,JAM,1990,39.3
Jamaica,JAM,1991,39.5
Jamaica,JAM,1992,40.1
Jamaica,JAM,1993,40.8
Jamaica,JAM,1994,41
Jamaica,JAM,1995,40.8
Jamaica,JAM,1996,40.4
Jamaica,JAM,1997,39.8
Jamaica,JAM,1998,39.1
Jamaica,JAM,1999,38.4
Jamaica,JAM,2000,37.6
Jamaica,JAM,2001,36.9
Jamaica,JAM,2002,36.4
Jamaica,JAM,2003,35.9
Jamaica,JAM,2004,35.4
Jamaica,JAM,2005,34.9
Jamaica,JAM,2006,34.6
Jamaica,JAM,2007,34.4
Jamaica,JAM,2008,34.3
Jamaica,JAM,2009,34.3
Jamaica,JAM,2010,34.3
Jamaica,JAM,2011,34.3
Jamaica,JAM,2012,34.3
Jamaica,JAM,2013,34.4
Jamaica,JAM,2014,34.7
Jamaica,JAM,2015,35
Jamaica,JAM,2016,35.3
Jamaica,JAM,2017,35.7
Jamaica,JAM,2018,36
Jamaica,JAM,2019,36.4
Kazakhstan,KAZ,1990,29.4
Kazakhstan,KAZ,1991,29.6
Kazakhstan,KAZ,1992,29.9
Kazakhstan,KAZ,1993,30.2
Kazakhstan,KAZ,1994,30.4
Kazakhstan,KAZ,1995,30.6
Kazakhstan,KAZ,1996,30.9
Kazakhstan,KAZ,1997,31.1
Kazakhstan,KAZ,1998,31.2
Kazakhstan,KAZ,1999,31.3
Kazakhstan,KAZ,2000,31.4
Kazakhstan,KAZ,2001,31.4
Kazakhstan,KAZ,2002,31.4
Kazakhstan,KAZ,2003,31.4
Kazakhstan,KAZ,2004,31.3
Kazakhstan,KAZ,2005,31.3
Kazakhstan,KAZ,2006,31.3
Kazakhstan,KAZ,2007,31.4
Kazakhstan,KAZ,2008,31.4
Kazakhstan,KAZ,2009,31.5
Kazakhstan,KAZ,2010,31.5
Kazakhstan,KAZ,2011,31.6
Kazakhstan,KAZ,2012,31.6
Kazakhstan,KAZ,2013,31.7
Kazakhstan,KAZ,2014,31.8
Kazakhstan,KAZ,2015,32
Kazakhstan,KAZ,2016,32.2
Kazakhstan,KAZ,2017,32.3
Kazakhstan,KAZ,2018,32.5
Kazakhstan,KAZ,2019,32.6
Kenya,KEN,1990,57.9
Kenya,KEN,1991,58.8
Kenya,KEN,1992,59.4
Kenya,KEN,1993,60
Kenya,KEN,1994,60.4
Kenya,KEN,1995,60.7
Kenya,KEN,1996,61
Kenya,KEN,1997,61.3
Kenya,KEN,1998,61.5
Kenya,KEN,1999,61.7
Kenya,KEN,2000,61.9
Kenya,KEN,2001,62
Kenya,KEN,2002,62.2
Kenya,KEN,2003,62.3
Kenya,KEN,2004,62.4
Kenya,KEN,2005,62.5
Kenya,KEN,2006,62.4
Kenya,KEN,2007,62.3
Kenya,KEN,2008,62.2
Kenya,KEN,2009,62
Kenya,KEN,2010,61.9
Kenya,KEN,2011,61.8
Kenya,KEN,2012,61.9
Kenya,KEN,2013,62.2
Kenya,KEN,2014,62.5
Kenya,KEN,2015,62.7
Kenya,KEN,2016,62.9
Kenya,KEN,2017,63.1
Kenya,KEN,2018,63.3
Kenya,KEN,2019,63.4
Kyrgyzstan,KGZ,1990,29.1
Kyrgyzstan,KGZ,1991,29.2
Kyrgyzstan,KGZ,1992,29.4
Kyrgyzstan,KGZ,1993,29.6
Kyrgyzstan,KGZ,1994,29.7
Kyrgyzstan,KGZ,1995,29.9
Kyrgyzstan,KGZ,1996,30.1
Kyrgyzstan,KGZ,1997,30.2
Kyrgyzstan,KGZ,1998,30.3
Kyrgyzstan,KGZ,1999,30.4
Kyrgyzstan,KGZ,2000,30.5
Kyrgyzstan,KGZ,2001,30.5
Kyrgyzstan,KGZ,2002,30.5
Kyrgyzstan,KGZ,2003,30.6
Kyrgyzstan,KGZ,2004,30.6
Kyrgyzstan,KGZ,2005,30.7
Kyrgyzstan,KGZ,2006,30.6
Kyrgyzstan,KGZ,2007,30.6
Kyrgyzstan,KGZ,2008,30.8
Kyrgyzstan,KGZ,2009,31.1
Kyrgyzstan,KGZ,2010,31.4
Kyrgyzstan,KGZ,2011,31.7
Kyrgyzstan,KGZ,2012,32
Kyrgyzstan,KGZ,2013,32.3
Kyrgyzstan,KGZ,2014,32.5
Kyrgyzstan,KGZ,2015,32.8
Kyrgyzstan,KGZ,2016,33
Kyrgyzstan,KGZ,2017,33.3
Kyrgyzstan,KGZ,2018,33.5
Kyrgyzstan,KGZ,2019,33.8
Laos,LAO,1990,11.1
Laos,LAO,1991,37.5
Laos,LAO,1992,42
Laos,LAO,1993,45.5
Laos,LAO,1994,44.6
Laos,LAO,1995,43.8
Laos,LAO,1996,42
Laos,LAO,1997,40.7
Laos,LAO,1998,38.9
Laos,LAO,1999,39.1
Laos,LAO,2000,39.9
Laos,LAO,2001,40.3
Laos,LAO,2002,40.8
Laos,LAO,2003,41.4
Laos,LAO,2004,42.1
Laos,LAO,2005,42.5
Laos,LAO,2006,42.8
Laos,LAO,2007,43
Laos,LAO,2008,43.1
Laos,LAO,2009,43.1
Laos,LAO,2010,43.2
Laos,LAO,2011,43.3
Laos,LAO,2012,43.4
Laos,LAO,2013,43.5
Laos,LAO,2014,43.7
Laos,LAO,2015,43.8
Laos,LAO,2016,43.9
Laos,LAO,2017,44
Laos,LAO,2018,44
Laos,LAO,2019,43.9
Latvia,LVA,1990,26.2
Latvia,LVA,1991,26.6
Latvia,LVA,1992,27.2
Latvia,LVA,1993,27.7
Latvia,LVA,1994,28.2
Latvia,LVA,1995,28.6
Latvia,LVA,1996,29
Latvia,LVA,1997,29.3
Latvia,LVA,1998,29.7
Latvia,LVA,1999,29.9
Latvia,LVA,2000,30.1
Latvia,LVA,2001,30.3
Latvia,LVA,2002,30.4
Latvia,LVA,2003,30.5
Latvia,LVA,2004,30.6
Latvia,LVA,2005,30.7
Latvia,LVA,2006,30.8
Latvia,LVA,2007,30.9
Latvia,LVA,2008,30.9
Latvia,LVA,2009,30.9
Latvia,LVA,2010,30.9
Latvia,LVA,2011,30.9
Latvia,LVA,2012,30.9
Latvia,LVA,2013,30.9
Latvia,LVA,2014,30.8
Latvia,LVA,2015,30.9
Latvia,LVA,2016,30.9
Latvia,LVA,2017,31
Latvia,LVA,2018,31.1
Latvia,LVA,2019,31.3
Lebanon,LBN,1990,26.5
Lebanon,LBN,1991,26.7
Lebanon,LBN,1992,26.5
Lebanon,LBN,1993,26.7
Lebanon,LBN,1994,26.6
Lebanon,LBN,1995,26.5
Lebanon,LBN,1996,26.6
Lebanon,LBN,1997,26.7
Lebanon,LBN,1998,26.6
Lebanon,LBN,1999,26.6
Lebanon,LBN,2000,26.5
Lebanon,LBN,2001,26
Lebanon,LBN,2002,25.4
Lebanon,LBN,2003,24.8
Lebanon,LBN,2004,24.3
Lebanon,LBN,2005,23.9
Lebanon,LBN,2006,23.7
Lebanon,LBN,2007,23.5
Lebanon,LBN,2008,23.3
Lebanon,LBN,2009,23.2
Lebanon,LBN,2010,21.9
Lebanon,LBN,2011,20.9
Lebanon,LBN,2012,19.9
Lebanon,LBN,2013,18.9
Lebanon,LBN,2014,17.9
Lebanon,LBN,2015,17.1
Lebanon,LBN,2016,16.3
Lebanon,LBN,2017,15.6
Lebanon,LBN,2018,15.1
Lebanon,LBN,2019,14.6
Lesotho,LSO,1990,55.9
Lesotho,LSO,1991,56.7
Lesotho,LSO,1992,57.4
Lesotho,LSO,1993,57.8
Lesotho,LSO,1994,58
Lesotho,LSO,1995,58.2
Lesotho,LSO,1996,58.4
Lesotho,LSO,1997,58.4
Lesotho,LSO,1998,58.4
Lesotho,LSO,1999,58.4
Lesotho,LSO,2000,58.4
Lesotho,LSO,2001,58.3
Lesotho,LSO,2002,58.3
Lesotho,LSO,2003,58.4
Lesotho,LSO,2004,58.5
Lesotho,LSO,2005,58.6
Lesotho,LSO,2006,58.7
Lesotho,LSO,2007,58.8
Lesotho,LSO,2008,58.8
Lesotho,LSO,2009,58.8
Lesotho,LSO,2010,58.7
Lesotho,LSO,2011,58.7
Lesotho,LSO,2012,58.7
Lesotho,LSO,2013,58.6
Lesotho,LSO,2014,58.5
Lesotho,LSO,2015,58.5
Lesotho,LSO,2016,58.5
Lesotho,LSO,2017,58.5
Lesotho,LSO,2018,58.6
Lesotho,LSO,2019,58.8
Liberia,LBR,1990,50.7
Liberia,LBR,1991,51.5
Liberia,LBR,1992,52.1
Liberia,LBR,1993,52.6
Liberia,LBR,1994,53
Liberia,LBR,1995,53.4
Liberia,LBR,1996,53.8
Liberia,LBR,1997,54.2
Liberia,LBR,1998,54.5
Liberia,LBR,1999,54.8
Liberia,LBR,2000,55.1
Liberia,LBR,2001,55.3
Liberia,LBR,2002,55.6
Liberia,LBR,2003,55.8
Liberia,LBR,2004,56
Liberia,LBR,2005,56.1
Liberia,LBR,2006,56.2
Liberia,LBR,2007,56.3
Liberia,LBR,2008,56.4
Liberia,LBR,2009,56.5
Liberia,LBR,2010,56.5
Liberia,LBR,2011,56.6
Liberia,LBR,2012,56.7
Liberia,LBR,2013,56.8
Liberia,LBR,2014,57.1
Liberia,LBR,2015,57.4
Liberia,LBR,2016,57.7
Liberia,LBR,2017,58.1
Liberia,LBR,2018,58.9
Liberia,LBR,2019,59.4
Libya,LBY,1990,0
Libya,LBY,1991,0
Libya,LBY,1992,0
Libya,LBY,1993,0
Libya,LBY,1994,26
Libya,LBY,1995,26
Libya,LBY,1996,25.9
Libya,LBY,1997,26.4
Libya,LBY,1998,26.5
Libya,LBY,1999,27
Libya,LBY,2000,27.1
Libya,LBY,2001,27.3
Libya,LBY,2002,27.5
Libya,LBY,2003,27.6
Libya,LBY,2004,27.7
Libya,LBY,2005,27.9
Libya,LBY,2006,28
Libya,LBY,2007,28.2
Libya,LBY,2008,28.3
Libya,LBY,2009,28.5
Libya,LBY,2010,28.6
Libya,LBY,2011,28.8
Libya,LBY,2012,28.9
Libya,LBY,2013,29
Libya,LBY,2014,29.1
Libya,LBY,2015,29.1
Libya,LBY,2016,29.2
Libya,LBY,2017,29.3
Libya,LBY,2018,29.6
Libya,LBY,2019,30.1
Lithuania,LTU,1990,25.3
Lithuania,LTU,1991,25.8
Lithuania,LTU,1992,26.5
Lithuania,LTU,1993,27
Lithuania,LTU,1994,27.5
Lithuania,LTU,1995,28.1
Lithuania,LTU,1996,28.6
Lithuania,LTU,1997,29.1
Lithuania,LTU,1998,29.4
Lithuania,LTU,1999,29.7
Lithuania,LTU,2000,29.9
Lithuania,LTU,2001,30
Lithuania,LTU,2002,30.1
Lithuania,LTU,2003,30.1
Lithuania,LTU,2004,30
Lithuania,LTU,2005,30
Lithuania,LTU,2006,29.9
Lithuania,LTU,2007,29.9
Lithuania,LTU,2008,29.7
Lithuania,LTU,2009,29.4
Lithuania,LTU,2010,29.2
Lithuania,LTU,2011,28.7
Lithuania,LTU,2012,28.3
Lithuania,LTU,2013,27.8
Lithuania,LTU,2014,27.4
Lithuania,LTU,2015,27.1
Lithuania,LTU,2016,26.6
Lithuania,LTU,2017,26.1
Lithuania,LTU,2018,25.6
Lithuania,LTU,2019,25.2
Madagascar,MDG,1990,25
Madagascar,MDG,1991,25.9
Madagascar,MDG,1992,30.6
Madagascar,MDG,1993,33.3
Madagascar,MDG,1994,34.6
Madagascar,MDG,1995,36.7
Madagascar,MDG,1996,38.1
Madagascar,MDG,1997,39.3
Madagascar,MDG,1998,40.2
Madagascar,MDG,1999,41
Madagascar,MDG,2000,41.8
Madagascar,MDG,2001,42.6
Madagascar,MDG,2002,43.2
Madagascar,MDG,2003,43.8
Madagascar,MDG,2004,44.3
Madagascar,MDG,2005,44.8
Madagascar,MDG,2006,45.2
Madagascar,MDG,2007,45.5
Madagascar,MDG,2008,45.8
Madagascar,MDG,2009,46
Madagascar,MDG,2010,46.1
Madagascar,MDG,2011,46.2
Madagascar,MDG,2012,46.3
Madagascar,MDG,2013,46.3
Madagascar,MDG,2014,46.4
Madagascar,MDG,2015,46.4
Madagascar,MDG,2016,46.5
Madagascar,MDG,2017,46.5
Madagascar,MDG,2018,46.6
Madagascar,MDG,2019,46.6
Malawi,MWI,1990,55.6
Malawi,MWI,1991,55.9
Malawi,MWI,1992,56.1
Malawi,MWI,1993,56.3
Malawi,MWI,1994,56.4
Malawi,MWI,1995,56.6
Malawi,MWI,1996,56.8
Malawi,MWI,1997,57
Malawi,MWI,1998,57.2
Malawi,MWI,1999,57.4
Malawi,MWI,2000,57.6
Malawi,MWI,2001,57.8
Malawi,MWI,2002,57.9
Malawi,MWI,2003,58.1
Malawi,MWI,2004,58.2
Malawi,MWI,2005,58.4
Malawi,MWI,2006,58.6
Malawi,MWI,2007,58.8
Malawi,MWI,2008,59
Malawi,MWI,2009,59.1
Malawi,MWI,2010,59.2
Malawi,MWI,2011,59.3
Malawi,MWI,2012,59.4
Malawi,MWI,2013,59.4
Malawi,MWI,2014,59.5
Malawi,MWI,2015,59.6
Malawi,MWI,2016,59.7
Malawi,MWI,2017,59.7
Malawi,MWI,2018,59.8
Malawi,MWI,2019,59.9
Malaysia,MYS,1990,2.3
Malaysia,MYS,1991,2.7
Malaysia,MYS,1992,3.3
Malaysia,MYS,1993,4.2
Malaysia,MYS,1994,5.3
Malaysia,MYS,1995,6.4
Malaysia,MYS,1996,7.5
Malaysia,MYS,1997,8.5
Malaysia,MYS,1998,9.5
Malaysia,MYS,1999,10.4
Malaysia,MYS,2000,11.2
Malaysia,MYS,2001,11.8
Malaysia,MYS,2002,12.4
Malaysia,MYS,2003,13
Malaysia,MYS,2004,13.6
Malaysia,MYS,2005,14.2
Malaysia,MYS,2006,14.8
Malaysia,MYS,2007,15.4
Malaysia,MYS,2008,16
Malaysia,MYS,2009,16.6
Malaysia,MYS,2010,17.3
Malaysia,MYS,2011,17.9
Malaysia,MYS,2012,18.2
Malaysia,MYS,2013,18.6
Malaysia,MYS,2014,18.8
Malaysia,MYS,2015,18.9
Malaysia,MYS,2016,18.6
Malaysia,MYS,2017,18.2
Malaysia,MYS,2018,17.8
Malaysia,MYS,2019,17.3
Mali,MLI,1990,59.9
Mali,MLI,1991,60.4
Mali,MLI,1992,60.9
Mali,MLI,1993,61.2
Mali,MLI,1994,61.5
Mali,MLI,1995,61.8
Mali,MLI,1996,62
Mali,MLI,1997,62.2
Mali,MLI,1998,62.4
Mali,MLI,1999,62.6
Mali,MLI,2000,62.7
Mali,MLI,2001,62.7
Mali,MLI,2002,62.8
Mali,MLI,2003,62.8
Mali,MLI,2004,62.8
Mali,MLI,2005,62.7
Mali,MLI,2006,62.6
Mali,MLI,2007,62.5
Mali,MLI,2008,62.3
Mali,MLI,2009,62.2
Mali,MLI,2010,62.2
Mali,MLI,2011,62.1
Mali,MLI,2012,62.2
Mali,MLI,2013,62.5
Mali,MLI,2014,62.7
Mali,MLI,2015,63.1
Mali,MLI,2016,63.3
Mali,MLI,2017,63.4
Mali,MLI,2018,63.5
Mali,MLI,2019,63.6
Mauritania,MRT,1990,43.7
Mauritania,MRT,1991,44.2
Mauritania,MRT,1992,44.9
Mauritania,MRT,1993,45.4
Mauritania,MRT,1994,45.8
Mauritania,MRT,1995,46
Mauritania,MRT,1996,46.2
Mauritania,MRT,1997,46.3
Mauritania,MRT,1998,46.4
Mauritania,MRT,1999,46.4
Mauritania,MRT,2000,46.4
Mauritania,MRT,2001,46.5
Mauritania,MRT,2002,46.5
Mauritania,MRT,2003,46.6
Mauritania,MRT,2004,46.7
Mauritania,MRT,2005,46.8
Mauritania,MRT,2006,47
Mauritania,MRT,2007,47.3
Mauritania,MRT,2008,47.6
Mauritania,MRT,2009,48
Mauritania,MRT,2010,48.4
Mauritania,MRT,2011,48.9
Mauritania,MRT,2012,49.1
Mauritania,MRT,2013,49.2
Mauritania,MRT,2014,49.5
Mauritania,MRT,2015,49.8
Mauritania,MRT,2016,50.1
Mauritania,MRT,2017,50.2
Mauritania,MRT,2018,50.4
Mauritania,MRT,2019,50.6
Mauritius,MUS,1990,25
Mauritius,MUS,1991,25
Mauritius,MUS,1992,26.7
Mauritius,MUS,1993,25.8
Mauritius,MUS,1994,27.3
Mauritius,MUS,1995,28.1
Mauritius,MUS,1996,28.6
Mauritius,MUS,1997,29
Mauritius,MUS,1998,29.3
Mauritius,MUS,1999,29.6
Mauritius,MUS,2000,29.8
Mauritius,MUS,2001,30.1
Mauritius,MUS,2002,30.3
Mauritius,MUS,2003,30.4
Mauritius,MUS,2004,30.6
Mauritius,MUS,2005,30.7
Mauritius,MUS,2006,30.8
Mauritius,MUS,2007,30.9
Mauritius,MUS,2008,30.9
Mauritius,MUS,2009,31
Mauritius,MUS,2010,31
Mauritius,MUS,2011,30.9
Mauritius,MUS,2012,30.5
Mauritius,MUS,2013,30.3
Mauritius,MUS,2014,30.2
Mauritius,MUS,2015,30.1
Mauritius,MUS,2016,30
Mauritius,MUS,2017,30
Mauritius,MUS,2018,30.2
Mauritius,MUS,2019,30.4
Moldova,MDA,1990,25.5
Moldova,MDA,1991,25.3
Moldova,MDA,1992,26.3
Moldova,MDA,1993,26.5
Moldova,MDA,1994,27.6
Moldova,MDA,1995,28.1
Moldova,MDA,1996,28.7
Moldova,MDA,1997,29.2
Moldova,MDA,1998,29.6
Moldova,MDA,1999,30
Moldova,MDA,2000,30.5
Moldova,MDA,2001,30.9
Moldova,MDA,2002,31.3
Moldova,MDA,2003,31.6
Moldova,MDA,2004,32
Moldova,MDA,2005,32.3
Moldova,MDA,2006,32.5
Moldova,MDA,2007,32.7
Moldova,MDA,2008,32.9
Moldova,MDA,2009,33.1
Moldova,MDA,2010,33.3
Moldova,MDA,2011,33.5
Moldova,MDA,2012,34
Moldova,MDA,2013,34.6
Moldova,MDA,2014,35
Moldova,MDA,2015,35.6
Moldova,MDA,2016,36.2
Moldova,MDA,2017,36.8
Moldova,MDA,2018,37.3
Moldova,MDA,2019,37.7
Mongolia,MNG,1990,0
Mongolia,MNG,1991,0
Mongolia,MNG,1992,0
Mongolia,MNG,1993,0
Mongolia,MNG,1994,0
Mongolia,MNG,1995,0
Mongolia,MNG,1996,9.1
Mongolia,MNG,1997,6.7
Mongolia,MNG,1998,5
Mongolia,MNG,1999,6.9
Mongolia,MNG,2000,4.9
Mongolia,MNG,2001,6.8
Mongolia,MNG,2002,8.1
Mongolia,MNG,2003,8.2
Mongolia,MNG,2004,8.7
Mongolia,MNG,2005,9.1
Mongolia,MNG,2006,10.9
Mongolia,MNG,2007,11.8
Mongolia,MNG,2008,13
Mongolia,MNG,2009,13.8
Mongolia,MNG,2010,14.4
Mongolia,MNG,2011,15
Mongolia,MNG,2012,15.9
Mongolia,MNG,2013,16.5
Mongolia,MNG,2014,17
Mongolia,MNG,2015,17.2
Mongolia,MNG,2016,18
Mongolia,MNG,2017,18.4
Mongolia,MNG,2018,18.6
Mongolia,MNG,2019,18.9
Montenegro,MNE,1990,25
Montenegro,MNE,1991,16.7
Montenegro,MNE,1992,11.1
Montenegro,MNE,1993,15.4
Montenegro,MNE,1994,12.5
Montenegro,MNE,1995,15
Montenegro,MNE,1996,13
Montenegro,MNE,1997,15.4
Montenegro,MNE,1998,13.8
Montenegro,MNE,1999,12.9
Montenegro,MNE,2000,14.7
Montenegro,MNE,2001,13.5
Montenegro,MNE,2002,14.6
Montenegro,MNE,2003,13.3
Montenegro,MNE,2004,13.7
Montenegro,MNE,2005,13.8
Montenegro,MNE,2006,13.2
Montenegro,MNE,2007,13.9
Montenegro,MNE,2008,12.8
Montenegro,MNE,2009,12.7
Montenegro,MNE,2010,12.4
Montenegro,MNE,2011,12.7
Montenegro,MNE,2012,12.1
Montenegro,MNE,2013,12.1
Montenegro,MNE,2014,12.1
Montenegro,MNE,2015,12
Montenegro,MNE,2016,12.2
Montenegro,MNE,2017,12
Montenegro,MNE,2018,11.9
Montenegro,MNE,2019,12
Morocco,MAR,1990,29.5
Morocco,MAR,1991,30.6
Morocco,MAR,1992,31.6
Morocco,MAR,1993,32.7
Morocco,MAR,1994,34
Morocco,MAR,1995,35.1
Morocco,MAR,1996,36.2
Morocco,MAR,1997,37.1
Morocco,MAR,1998,37.9
Morocco,MAR,1999,38.6
Morocco,MAR,2000,39.2
Morocco,MAR,2001,39.7
Morocco,MAR,2002,40
Morocco,MAR,2003,40.3
Morocco,MAR,2004,40.6
Morocco,MAR,2005,40.8
Morocco,MAR,2006,41
Morocco,MAR,2007,41.1
Morocco,MAR,2008,41.3
Morocco,MAR,2009,41.4
Morocco,MAR,2010,41.4
Morocco,MAR,2011,41.5
Morocco,MAR,2012,41.6
Morocco,MAR,2013,41.7
Morocco,MAR,2014,41.9
Morocco,MAR,2015,42
Morocco,MAR,2016,42.2
Morocco,MAR,2017,42.4
Morocco,MAR,2018,42.6
Morocco,MAR,2019,42.6
Mozambique,MOZ,1990,58.7
Mozambique,MOZ,1991,59.4
Mozambique,MOZ,1992,60
Mozambique,MOZ,1993,60.4
Mozambique,MOZ,1994,60.9
Mozambique,MOZ,1995,61.3
Mozambique,MOZ,1996,61.6
Mozambique,MOZ,1997,61.8
Mozambique,MOZ,1998,62
Mozambique,MOZ,1999,62.1
Mozambique,MOZ,2000,62.2
Mozambique,MOZ,2001,62.2
Mozambique,MOZ,2002,62.2
Mozambique,MOZ,2003,62.2
Mozambique,MOZ,2004,62.1
Mozambique,MOZ,2005,62.1
Mozambique,MOZ,2006,62
Mozambique,MOZ,2007,61.9
Mozambique,MOZ,2008,61.8
Mozambique,MOZ,2009,61.7
Mozambique,MOZ,2010,61.7
Mozambique,MOZ,2011,61.6
Mozambique,MOZ,2012,61.6
Mozambique,MOZ,2013,61.6
Mozambique,MOZ,2014,61.6
Mozambique,MOZ,2015,61.6
Mozambique,MOZ,2016,61.7
Mozambique,MOZ,2017,61.8
Mozambique,MOZ,2018,61.9
Mozambique,MOZ,2019,61.9
Myanmar,MMR,1990,7.7
Myanmar,MMR,1991,7.7
Myanmar,MMR,1992,9.5
Myanmar,MMR,1993,12.2
Myanmar,MMR,1994,15
Myanmar,MMR,1995,17.5
Myanmar,MMR,1996,19.8
Myanmar,MMR,1997,21.7
Myanmar,MMR,1998,23.4
Myanmar,MMR,1999,24.8
Myanmar,MMR,2000,26.1
Myanmar,MMR,2001,27.5
Myanmar,MMR,2002,28.9
Myanmar,MMR,2003,30.2
Myanmar,MMR,2004,31.4
Myanmar,MMR,2005,32.5
Myanmar,MMR,2006,33.5
Myanmar,MMR,2007,34.4
Myanmar,MMR,2008,35.3
Myanmar,MMR,2009,36.1
Myanmar,MMR,2010,36.9
Myanmar,MMR,2011,37.4
Myanmar,MMR,2012,37.9
Myanmar,MMR,2013,38.1
Myanmar,MMR,2014,38.3
Myanmar,MMR,2015,38.4
Myanmar,MMR,2016,38.5
Myanmar,MMR,2017,38.5
Myanmar,MMR,2018,38.4
Myanmar,MMR,2019,38.4
Namibia,NAM,1990,59.7
Namibia,NAM,1991,60.5
Namibia,NAM,1992,61.1
Namibia,NAM,1993,61.6
Namibia,NAM,1994,62
Namibia,NAM,1995,62.3
Namibia,NAM,1996,62.5
Namibia,NAM,1997,62.7
Namibia,NAM,1998,62.8
Namibia,NAM,1999,62.9
Namibia,NAM,2000,63
Namibia,NAM,2001,63
Namibia,NAM,2002,63.1
Namibia,NAM,2003,63.1
Namibia,NAM,2004,63.1
Namibia,NAM,2005,63.1
Namibia,NAM,2006,63.2
Namibia,NAM,2007,63.1
Namibia,NAM,2008,63.1
Namibia,NAM,2009,63.1
Namibia,NAM,2010,63.1
Namibia,NAM,2011,63.1
Namibia,NAM,2012,63.1
Namibia,NAM,2013,63.2
Namibia,NAM,2014,63.2
Namibia,NAM,2015,63.3
Namibia,NAM,2016,63.3
Namibia,NAM,2017,63.3
Namibia,NAM,2018,63.3
Namibia,NAM,2019,63.4
Nepal,NPL,1990,25
Nepal,NPL,1991,27.3
Nepal,NPL,1992,24.5
Nepal,NPL,1993,25.1
Nepal,NPL,1994,25.6
Nepal,NPL,1995,26.1
Nepal,NPL,1996,26.7
Nepal,NPL,1997,27.4
Nepal,NPL,1998,28
Nepal,NPL,1999,28.6
Nepal,NPL,2000,29
Nepal,NPL,2001,29.3
Nepal,NPL,2002,29.4
Nepal,NPL,2003,29.4
Nepal,NPL,2004,29.3
Nepal,NPL,2005,29.2
Nepal,NPL,2006,29.2
Nepal,NPL,2007,29.3
Nepal,NPL,2008,29.8
Nepal,NPL,2009,30.6
Nepal,NPL,2010,31.7
Nepal,NPL,2011,33
Nepal,NPL,2012,34.5
Nepal,NPL,2013,36.1
Nepal,NPL,2014,37.6
Nepal,NPL,2015,38.7
Nepal,NPL,2016,39.4
Nepal,NPL,2017,39.9
Nepal,NPL,2018,40.1
Nepal,NPL,2019,40
Netherlands,NLD,1990,17.2
Netherlands,NLD,1991,17.3
Netherlands,NLD,1992,17.3
Netherlands,NLD,1993,17.3
Netherlands,NLD,1994,17.3
Netherlands,NLD,1995,17.3
Netherlands,NLD,1996,17.3
Netherlands,NLD,1997,17.2
Netherlands,NLD,1998,17.1
Netherlands,NLD,1999,17.1
Netherlands,NLD,2000,17.1
Netherlands,NLD,2001,17
Netherlands,NLD,2002,17
Netherlands,NLD,2003,17
Netherlands,NLD,2004,17
Netherlands,NLD,2005,16.9
Netherlands,NLD,2006,16.9
Netherlands,NLD,2007,16.9
Netherlands,NLD,2008,17
Netherlands,NLD,2009,17.1
Netherlands,NLD,2010,17.2
Netherlands,NLD,2011,17.2
Netherlands,NLD,2012,17.2
Netherlands,NLD,2013,17.3
Netherlands,NLD,2014,17.3
Netherlands,NLD,2015,17.4
Netherlands,NLD,2016,17.4
Netherlands,NLD,2017,17.4
Netherlands,NLD,2018,17.4
Netherlands,NLD,2019,17.4
New Zealand,NZL,1990,19.1
New Zealand,NZL,1991,19.1
New Zealand,NZL,1992,19.2
New Zealand,NZL,1993,19.2
New Zealand,NZL,1994,19.4
New Zealand,NZL,1995,19.5
New Zealand,NZL,1996,19.5
New Zealand,NZL,1997,19.6
New Zealand,NZL,1998,19.6
New Zealand,NZL,1999,19.7
New Zealand,NZL,2000,19.8
New Zealand,NZL,2001,19.7
New Zealand,NZL,2002,19.6
New Zealand,NZL,2003,19.6
New Zealand,NZL,2004,19.7
New Zealand,NZL,2005,19.7
New Zealand,NZL,2006,19.7
New Zealand,NZL,2007,19.7
New Zealand,NZL,2008,19.7
New Zealand,NZL,2009,19.6
New Zealand,NZL,2010,19.5
New Zealand,NZL,2011,19.3
New Zealand,NZL,2012,19
New Zealand,NZL,2013,18.7
New Zealand,NZL,2014,18.3
New Zealand,NZL,2015,18
New Zealand,NZL,2016,17.6
New Zealand,NZL,2017,17.2
New Zealand,NZL,2018,16.8
New Zealand,NZL,2019,16.4
Nicaragua,NIC,1990,54.1
Nicaragua,NIC,1991,54.2
Nicaragua,NIC,1992,54
Nicaragua,NIC,1993,53.9
Nicaragua,NIC,1994,53.8
Nicaragua,NIC,1995,49.5
Nicaragua,NIC,1996,44.5
Nicaragua,NIC,1997,39.6
Nicaragua,NIC,1998,35.4
Nicaragua,NIC,1999,32.1
Nicaragua,NIC,2000,30.1
Nicaragua,NIC,2001,29.3
Nicaragua,NIC,2002,29.3
Nicaragua,NIC,2003,29.5
Nicaragua,NIC,2004,29.9
Nicaragua,NIC,2005,30.4
Nicaragua,NIC,2006,30.9
Nicaragua,NIC,2007,31.4
Nicaragua,NIC,2008,31.5
Nicaragua,NIC,2009,31.9
Nicaragua,NIC,2010,32.3
Nicaragua,NIC,2011,32.7
Nicaragua,NIC,2012,33
Nicaragua,NIC,2013,33.1
Nicaragua,NIC,2014,33.2
Nicaragua,NIC,2015,33.3
Nicaragua,NIC,2016,33.3
Nicaragua,NIC,2017,33.3
Nicaragua,NIC,2018,33.2
Nicaragua,NIC,2019,33.1
Niger,NER,1990,50.5
Niger,NER,1991,49.3
Niger,NER,1992,48.3
Niger,NER,1993,47.6
Niger,NER,1994,46.9
Niger,NER,1995,46.5
Niger,NER,1996,46
Niger,NER,1997,45.7
Niger,NER,1998,45.5
Niger,NER,1999,45.5
Niger,NER,2000,45.4
Niger,NER,2001,45.5
Niger,NER,2002,45.7
Niger,NER,2003,46
Niger,NER,2004,46.4
Niger,NER,2005,46.8
Niger,NER,2006,47.4
Niger,NER,2007,48.1
Niger,NER,2008,49
Niger,NER,2009,49.9
Niger,NER,2010,50.8
Niger,NER,2011,51.8
Niger,NER,2012,52.7
Niger,NER,2013,53.5
Niger,NER,2014,54.3
Niger,NER,2015,55.3
Niger,NER,2016,56.2
Niger,NER,2017,56.8
Niger,NER,2018,57.1
Niger,NER,2019,57.4
Nigeria,NGA,1990,43.8
Nigeria,NGA,1991,45.5
Nigeria,NGA,1992,46.9
Nigeria,NGA,1993,48.2
Nigeria,NGA,1994,49.3
Nigeria,NGA,1995,50.3
Nigeria,NGA,1996,51.2
Nigeria,NGA,1997,52
Nigeria,NGA,1998,52.7
Nigeria,NGA,1999,53.3
Nigeria,NGA,2000,53.8
Nigeria,NGA,2001,54.3
Nigeria,NGA,2002,54.7
Nigeria,NGA,2003,55.1
Nigeria,NGA,2004,55.4
Nigeria,NGA,2005,55.7
Nigeria,NGA,2006,55.9
Nigeria,NGA,2007,56.1
Nigeria,NGA,2008,56.3
Nigeria,NGA,2009,56.5
Nigeria,NGA,2010,56.6
Nigeria,NGA,2011,56.7
Nigeria,NGA,2012,56.9
Nigeria,NGA,2013,57.2
Nigeria,NGA,2014,57.4
Nigeria,NGA,2015,57.6
Nigeria,NGA,2016,57.8
Nigeria,NGA,2017,58
Nigeria,NGA,2018,58.2
Nigeria,NGA,2019,58.5
Oman,OMN,1990,24.8
Oman,OMN,1991,25.2
Oman,OMN,1992,25.7
Oman,OMN,1993,26.1
Oman,OMN,1994,26.4
Oman,OMN,1995,26.7
Oman,OMN,1996,27
Oman,OMN,1997,27.3
Oman,OMN,1998,27.6
Oman,OMN,1999,27.9
Oman,OMN,2000,28
Oman,OMN,2001,28
Oman,OMN,2002,28
Oman,OMN,2003,28.1
Oman,OMN,2004,28.2
Oman,OMN,2005,28.4
Oman,OMN,2006,28.7
Oman,OMN,2007,29
Oman,OMN,2008,29.3
Oman,OMN,2009,29.5
Oman,OMN,2010,29.7
Oman,OMN,2011,29.8
Oman,OMN,2012,30.1
Oman,OMN,2013,30.2
Oman,OMN,2014,30.4
Oman,OMN,2015,30.5
Oman,OMN,2016,30.6
Oman,OMN,2017,30.8
Oman,OMN,2018,30.9
Oman,OMN,2019,31
Pakistan,PAK,1990,0
Pakistan,PAK,1991,0
Pakistan,PAK,1992,23.1
Pakistan,PAK,1993,25
Pakistan,PAK,1994,25.9
Pakistan,PAK,1995,26.4
Pakistan,PAK,1996,26.7
Pakistan,PAK,1997,26.8
Pakistan,PAK,1998,27.2
Pakistan,PAK,1999,27.4
Pakistan,PAK,2000,27.7
Pakistan,PAK,2001,27.8
Pakistan,PAK,2002,28.1
Pakistan,PAK,2003,28.2
Pakistan,PAK,2004,28.4
Pakistan,PAK,2005,28.5
Pakistan,PAK,2006,28.8
Pakistan,PAK,2007,29.1
Pakistan,PAK,2008,29.3
Pakistan,PAK,2009,29.4
Pakistan,PAK,2010,29.6
Pakistan,PAK,2011,29.7
Pakistan,PAK,2012,29.8
Pakistan,PAK,2013,29.9
Pakistan,PAK,2014,30
Pakistan,PAK,2015,30
Pakistan,PAK,2016,29.9
Pakistan,PAK,2017,29.9
Pakistan,PAK,2018,29.8
Pakistan,PAK,2019,29.7
Papua New Guinea,PNG,1990,43.2
Papua New Guinea,PNG,1991,45.9
Papua New Guinea,PNG,1992,47.8
Papua New Guinea,PNG,1993,49.4
Papua New Guinea,PNG,1994,50.7
Papua New Guinea,PNG,1995,51.9
Papua New Guinea,PNG,1996,52.9
Papua New Guinea,PNG,1997,53.8
Papua New Guinea,PNG,1998,54.5
Papua New Guinea,PNG,1999,55
Papua New Guinea,PNG,2000,55.5
Papua New Guinea,PNG,2001,55.8
Papua New Guinea,PNG,2002,56
Papua New Guinea,PNG,2003,56.3
Papua New Guinea,PNG,2004,56.4
Papua New Guinea,PNG,2005,56.5
Papua New Guinea,PNG,2006,56.7
Papua New Guinea,PNG,2007,56.7
Papua New Guinea,PNG,2008,56.8
Papua New Guinea,PNG,2009,56.8
Papua New Guinea,PNG,2010,56.9
Papua New Guinea,PNG,2011,56.9
Papua New Guinea,PNG,2012,57
Papua New Guinea,PNG,2013,57.2
Papua New Guinea,PNG,2014,57.3
Papua New Guinea,PNG,2015,57.3
Papua New Guinea,PNG,2016,57.3
Papua New Guinea,PNG,2017,57.3
Papua New Guinea,PNG,2018,57.3
Papua New Guinea,PNG,2019,57.3
Paraguay,PRY,1990,26.8
Paraguay,PRY,1991,27.1
Paraguay,PRY,1992,27.4
Paraguay,PRY,1993,27.7
Paraguay,PRY,1994,28
Paraguay,PRY,1995,28.2
Paraguay,PRY,1996,28.4
Paraguay,PRY,1997,28.5
Paraguay,PRY,1998,28.7
Paraguay,PRY,1999,28.8
Paraguay,PRY,2000,28.8
Paraguay,PRY,2001,28.9
Paraguay,PRY,2002,29
Paraguay,PRY,2003,29.1
Paraguay,PRY,2004,29.2
Paraguay,PRY,2005,29.2
Paraguay,PRY,2006,29.3
Paraguay,PRY,2007,29.4
Paraguay,PRY,2008,29.5
Paraguay,PRY,2009,29.5
Paraguay,PRY,2010,29.6
Paraguay,PRY,2011,29.8
Paraguay,PRY,2012,29.9
Paraguay,PRY,2013,30.2
Paraguay,PRY,2014,30.4
Paraguay,PRY,2015,30.6
Paraguay,PRY,2016,30.8
Paraguay,PRY,2017,30.9
Paraguay,PRY,2018,31
Paraguay,PRY,2019,31
Peru,PER,1990,8.2
Peru,PER,1991,8.7
Peru,PER,1992,9.4
Peru,PER,1993,10.4
Peru,PER,1994,11.6
Peru,PER,1995,12.9
Peru,PER,1996,14.2
Peru,PER,1997,15.3
Peru,PER,1998,16.4
Peru,PER,1999,17.4
Peru,PER,2000,18.3
Peru,PER,2001,19.2
Peru,PER,2002,20
Peru,PER,2003,20.7
Peru,PER,2004,21.3
Peru,PER,2005,21.9
Peru,PER,2006,22.4
Peru,PER,2007,23
Peru,PER,2008,23.5
Peru,PER,2009,24.1
Peru,PER,2010,24.5
Peru,PER,2011,24.8
Peru,PER,2012,24.9
Peru,PER,2013,25
Peru,PER,2014,24.9
Peru,PER,2015,24.7
Peru,PER,2016,24.4
Peru,PER,2017,24.2
Peru,PER,2018,23.9
Peru,PER,2019,23.7
Philippines,PHL,1990,30.5
Philippines,PHL,1991,30.8
Philippines,PHL,1992,27.9
Philippines,PHL,1993,26.3
Philippines,PHL,1994,25.9
Philippines,PHL,1995,24.7
Philippines,PHL,1996,23.1
Philippines,PHL,1997,21.4
Philippines,PHL,1998,19.1
Philippines,PHL,1999,17.1
Philippines,PHL,2000,15.3
Philippines,PHL,2001,13.2
Philippines,PHL,2002,11.7
Philippines,PHL,2003,10.9
Philippines,PHL,2004,9.8
Philippines,PHL,2005,8.8
Philippines,PHL,2006,8
Philippines,PHL,2007,7.5
Philippines,PHL,2008,6.8
Philippines,PHL,2009,6.2
Philippines,PHL,2010,6.1
Philippines,PHL,2011,6
Philippines,PHL,2012,6
Philippines,PHL,2013,6
Philippines,PHL,2014,5.9
Philippines,PHL,2015,5.9
Philippines,PHL,2016,6
Philippines,PHL,2017,6
Philippines,PHL,2018,6
Philippines,PHL,2019,6
Romania,ROU,1990,44.1
Romania,ROU,1991,45.3
Romania,ROU,1992,46.3
Romania,ROU,1993,47.1
Romania,ROU,1994,47.7
Romania,ROU,1995,48.3
Romania,ROU,1996,48.8
Romania,ROU,1997,49.1
Romania,ROU,1998,49.4
Romania,ROU,1999,49.5
Romania,ROU,2000,49.5
Romania,ROU,2001,49.5
Romania,ROU,2002,49.5
Romania,ROU,2003,49.4
Romania,ROU,2004,49.3
Romania,ROU,2005,49.1
Romania,ROU,2006,48.8
Romania,ROU,2007,48.6
Romania,ROU,2008,48.3
Romania,ROU,2009,47.9
Romania,ROU,2010,47.5
Romania,ROU,2011,47
Romania,ROU,2012,46.4
Romania,ROU,2013,45.6
Romania,ROU,2014,44.5
Romania,ROU,2015,43.5
Romania,ROU,2016,42.5
Romania,ROU,2017,41.7
Romania,ROU,2018,40.9
Romania,ROU,2019,40
Rwanda,RWA,1990,53.5
Rwanda,RWA,1991,54.4
Rwanda,RWA,1992,55.2
Rwanda,RWA,1993,55.9
Rwanda,RWA,1994,56.5
Rwanda,RWA,1995,57
Rwanda,RWA,1996,57.3
Rwanda,RWA,1997,57.6
Rwanda,RWA,1998,57.8
Rwanda,RWA,1999,58
Rwanda,RWA,2000,58.2
Rwanda,RWA,2001,58.5
Rwanda,RWA,2002,58.8
Rwanda,RWA,2003,59.1
Rwanda,RWA,2004,59.3
Rwanda,RWA,2005,59.6
Rwanda,RWA,2006,59.9
Rwanda,RWA,2007,60.1
Rwanda,RWA,2008,60.2
Rwanda,RWA,2009,60.4
Rwanda,RWA,2010,60.5
Rwanda,RWA,2011,60.6
Rwanda,RWA,2012,60.7
Rwanda,RWA,2013,60.8
Rwanda,RWA,2014,60.8
Rwanda,RWA,2015,60.9
Rwanda,RWA,2016,61
Rwanda,RWA,2017,61.1
Rwanda,RWA,2018,61.1
Rwanda,RWA,2019,61.2
Senegal,SEN,1990,43.2
Senegal,SEN,1991,43.9
Senegal,SEN,1992,44.4
Senegal,SEN,1993,45
Senegal,SEN,1994,45.5
Senegal,SEN,1995,46
Senegal,SEN,1996,46.5
Senegal,SEN,1997,46.9
Senegal,SEN,1998,47.3
Senegal,SEN,1999,47.6
Senegal,SEN,2000,47.9
Senegal,SEN,2001,48.2
Senegal,SEN,2002,48.4
Senegal,SEN,2003,48.7
Senegal,SEN,2004,48.9
Senegal,SEN,2005,49.1
Senegal,SEN,2006,49.4
Senegal,SEN,2007,49.8
Senegal,SEN,2008,50.3
Senegal,SEN,2009,50.9
Senegal,SEN,2010,51.6
Senegal,SEN,2011,52.5
Senegal,SEN,2012,53.5
Senegal,SEN,2013,54.5
Senegal,SEN,2014,55.4
Senegal,SEN,2015,56.1
Senegal,SEN,2016,56.7
Senegal,SEN,2017,57.4
Senegal,SEN,2018,57.9
Senegal,SEN,2019,58.3
Serbia,SRB,1990,25.6
Serbia,SRB,1991,26
Serbia,SRB,1992,26.5
Serbia,SRB,1993,26.7
Serbia,SRB,1994,27
Serbia,SRB,1995,27.2
Serbia,SRB,1996,27.4
Serbia,SRB,1997,27.5
Serbia,SRB,1998,27.6
Serbia,SRB,1999,27.7
Serbia,SRB,2000,27.7
Serbia,SRB,2001,27.5
Serbia,SRB,2002,27.2
Serbia,SRB,2003,26.5
Serbia,SRB,2004,25.8
Serbia,SRB,2005,25.2
Serbia,SRB,2006,24.6
Serbia,SRB,2007,23.9
Serbia,SRB,2008,23.2
Serbia,SRB,2009,22.4
Serbia,SRB,2010,21.6
Serbia,SRB,2011,20.9
Serbia,SRB,2012,20.1
Serbia,SRB,2013,19.4
Serbia,SRB,2014,18.6
Serbia,SRB,2015,17.9
Serbia,SRB,2016,17.3
Serbia,SRB,2017,16.6
Serbia,SRB,2018,16
Serbia,SRB,2019,15.4
Sierra Leone,SLE,1990,52.4
Sierra Leone,SLE,1991,53.3
Sierra Leone,SLE,1992,54.1
Sierra Leone,SLE,1993,54.7
Sierra Leone,SLE,1994,55.3
Sierra Leone,SLE,1995,55.7
Sierra Leone,SLE,1996,56.1
Sierra Leone,SLE,1997,56.5
Sierra Leone,SLE,1998,56.7
Sierra Leone,SLE,1999,57
Sierra Leone,SLE,2000,57.1
Sierra Leone,SLE,2001,57.3
Sierra Leone,SLE,2002,57.4
Sierra Leone,SLE,2003,57.5
Sierra Leone,SLE,2004,57.6
Sierra Leone,SLE,2005,57.7
Sierra Leone,SLE,2006,57.7
Sierra Leone,SLE,2007,57.8
Sierra Leone,SLE,2008,57.8
Sierra Leone,SLE,2009,57.8
Sierra Leone,SLE,2010,57.8
Sierra Leone,SLE,2011,57.8
Sierra Leone,SLE,2012,57.8
Sierra Leone,SLE,2013,57.9
Sierra Leone,SLE,2014,58.2
Sierra Leone,SLE,2015,58.7
Sierra Leone,SLE,2016,59.2
Sierra Leone,SLE,2017,59.6
Sierra Leone,SLE,2018,59.9
Sierra Leone,SLE,2019,60.2
Singapore,SGP,1990,4.8
Singapore,SGP,1991,5.2
Singapore,SGP,1992,6.3
Singapore,SGP,1993,7.5
Singapore,SGP,1994,8.1
Singapore,SGP,1995,8.6
Singapore,SGP,1996,8.8
Singapore,SGP,1997,9.5
Singapore,SGP,1998,10.3
Singapore,SGP,1999,11.1
Singapore,SGP,2000,11.6
Singapore,SGP,2001,11.9
Singapore,SGP,2002,12.2
Singapore,SGP,2003,12.1
Singapore,SGP,2004,11.9
Singapore,SGP,2005,11.6
Singapore,SGP,2006,11.3
Singapore,SGP,2007,10.9
Singapore,SGP,2008,10.6
Singapore,SGP,2009,10.5
Singapore,SGP,2010,10.3
Singapore,SGP,2011,10.2
Singapore,SGP,2012,9.9
Singapore,SGP,2013,9.6
Singapore,SGP,2014,9.5
Singapore,SGP,2015,9.4
Singapore,SGP,2016,9.4
Singapore,SGP,2017,9.4
Singapore,SGP,2018,9.4
Singapore,SGP,2019,9.4
Somalia,SOM,1990,49
Somalia,SOM,1991,48.2
Somalia,SOM,1992,47.3
Somalia,SOM,1993,46.7
Somalia,SOM,1994,46.1
Somalia,SOM,1995,45.7
Somalia,SOM,1996,45.4
Somalia,SOM,1997,45.2
Somalia,SOM,1998,45.1
Somalia,SOM,1999,45.1
Somalia,SOM,2000,45.2
Somalia,SOM,2001,45.4
Somalia,SOM,2002,45.5
Somalia,SOM,2003,45.7
Somalia,SOM,2004,46
Somalia,SOM,2005,46.2
Somalia,SOM,2006,46.4
Somalia,SOM,2007,46.7
Somalia,SOM,2008,47
Somalia,SOM,2009,47.2
Somalia,SOM,2010,47.5
Somalia,SOM,2011,47.9
Somalia,SOM,2012,48.4
Somalia,SOM,2013,49
Somalia,SOM,2014,50
Somalia,SOM,2015,50.7
Somalia,SOM,2016,51.6
Somalia,SOM,2017,52.4
Somalia,SOM,2018,53.2
Somalia,SOM,2019,54
South Africa,ZAF,1990,52.7
South Africa,ZAF,1991,53.8
South Africa,ZAF,1992,55.2
South Africa,ZAF,1993,56.2
South Africa,ZAF,1994,57.2
South Africa,ZAF,1995,58.2
South Africa,ZAF,1996,59
South Africa,ZAF,1997,59.6
South Africa,ZAF,1998,60.2
South Africa,ZAF,1999,60.7
South Africa,ZAF,2000,61.1
South Africa,ZAF,2001,61.6
South Africa,ZAF,2002,62
South Africa,ZAF,2003,62.3
South Africa,ZAF,2004,62.7
South Africa,ZAF,2005,62.9
South Africa,ZAF,2006,63.2
South Africa,ZAF,2007,63.4
South Africa,ZAF,2008,63.6
South Africa,ZAF,2009,63.8
South Africa,ZAF,2010,64
South Africa,ZAF,2011,64.1
South Africa,ZAF,2012,64.2
South Africa,ZAF,2013,64.3
South Africa,ZAF,2014,64.4
South Africa,ZAF,2015,64.5
South Africa,ZAF,2016,64.6
South Africa,ZAF,2017,64.8
South Africa,ZAF,2018,65
South Africa,ZAF,2019,65.2
South Sudan,SSD,1990,53.1
South Sudan,SSD,1991,54
South Sudan,SSD,1992,54.8
South Sudan,SSD,1993,55.4
South Sudan,SSD,1994,55.9
South Sudan,SSD,1995,56.3
South Sudan,SSD,1996,56.7
South Sudan,SSD,1997,57
South Sudan,SSD,1998,57.3
South Sudan,SSD,1999,57.5
South Sudan,SSD,2000,57.6
South Sudan,SSD,2001,57.8
South Sudan,SSD,2002,57.9
South Sudan,SSD,2003,58
South Sudan,SSD,2004,58.1
South Sudan,SSD,2005,58.1
South Sudan,SSD,2006,58.2
South Sudan,SSD,2007,58.2
South Sudan,SSD,2008,58.2
South Sudan,SSD,2009,58.2
South Sudan,SSD,2010,58.2
South Sudan,SSD,2011,58.2
South Sudan,SSD,2012,58.3
South Sudan,SSD,2013,58.3
South Sudan,SSD,2014,58.4
South Sudan,SSD,2015,58.6
South Sudan,SSD,2016,58.8
South Sudan,SSD,2017,58.9
South Sudan,SSD,2018,58.9
South Sudan,SSD,2019,58.9
Spain,ESP,1990,25.7
Spain,ESP,1991,25.5
Spain,ESP,1992,25.3
Spain,ESP,1993,25.1
Spain,ESP,1994,24.8
Spain,ESP,1995,24.2
Spain,ESP,1996,23.4
Spain,ESP,1997,22.7
Spain,ESP,1998,22.1
Spain,ESP,1999,21.6
Spain,ESP,2000,21.1
Spain,ESP,2001,20.7
Spain,ESP,2002,20.4
Spain,ESP,2003,20
Spain,ESP,2004,19.7
Spain,ESP,2005,19.5
Spain,ESP,2006,19.3
Spain,ESP,2007,19
Spain,ESP,2008,18.9
Spain,ESP,2009,18.7
Spain,ESP,2010,18.6
Spain,ESP,2011,18.6
Spain,ESP,2012,18.6
Spain,ESP,2013,18.6
Spain,ESP,2014,18.6
Spain,ESP,2015,18.6
Spain,ESP,2016,18.6
Spain,ESP,2017,18.5
Spain,ESP,2018,18.5
Spain,ESP,2019,18.4
Sri Lanka,LKA,1990,15.9
Sri Lanka,LKA,1991,17.3
Sri Lanka,LKA,1992,17.4
Sri Lanka,LKA,1993,18
Sri Lanka,LKA,1994,18.3
Sri Lanka,LKA,1995,18.7
Sri Lanka,LKA,1996,19.2
Sri Lanka,LKA,1997,19.6
Sri Lanka,LKA,1998,20.1
Sri Lanka,LKA,1999,20.6
Sri Lanka,LKA,2000,21.2
Sri Lanka,LKA,2001,21.8
Sri Lanka,LKA,2002,22.5
Sri Lanka,LKA,2003,23.1
Sri Lanka,LKA,2004,23.7
Sri Lanka,LKA,2005,24.3
Sri Lanka,LKA,2006,25
Sri Lanka,LKA,2007,25.7
Sri Lanka,LKA,2008,26.3
Sri Lanka,LKA,2009,26.9
Sri Lanka,LKA,2010,27.5
Sri Lanka,LKA,2011,28.1
Sri Lanka,LKA,2012,28.6
Sri Lanka,LKA,2013,28.9
Sri Lanka,LKA,2014,29.1
Sri Lanka,LKA,2015,29
Sri Lanka,LKA,2016,28.9
Sri Lanka,LKA,2017,28.8
Sri Lanka,LKA,2018,28.8
Sri Lanka,LKA,2019,28.5
Sudan,SDN,1990,45.5
Sudan,SDN,1991,43.6
Sudan,SDN,1992,42.2
Sudan,SDN,1993,41.3
Sudan,SDN,1994,41.1
Sudan,SDN,1995,41.3
Sudan,SDN,1996,41.8
Sudan,SDN,1997,42.2
Sudan,SDN,1998,42.7
Sudan,SDN,1999,43.1
Sudan,SDN,2000,43.5
Sudan,SDN,2001,43.8
Sudan,SDN,2002,44.3
Sudan,SDN,2003,44.8
Sudan,SDN,2004,45.4
Sudan,SDN,2005,46
Sudan,SDN,2006,46.6
Sudan,SDN,2007,47.1
Sudan,SDN,2008,47.7
Sudan,SDN,2009,48
Sudan,SDN,2010,48.3
Sudan,SDN,2011,48.5
Sudan,SDN,2012,48.6
Sudan,SDN,2013,48.7
Sudan,SDN,2014,48.7
Sudan,SDN,2015,48.7
Sudan,SDN,2016,48.7
Sudan,SDN,2017,48.6
Sudan,SDN,2018,48.5
Sudan,SDN,2019,48.4
Suriname,SUR,1990,57.8
Suriname,SUR,1991,55.6
Suriname,SUR,1992,53.9
Suriname,SUR,1993,52.4
Suriname,SUR,1994,50.9
Suriname,SUR,1995,49.6
Suriname,SUR,1996,48.4
Suriname,SUR,1997,47.3
Suriname,SUR,1998,46.2
Suriname,SUR,1999,45.2
Suriname,SUR,2000,44.2
Suriname,SUR,2001,43.5
Suriname,SUR,2002,42.8
Suriname,SUR,2003,42.2
Suriname,SUR,2004,41.8
Suriname,SUR,2005,41.5
Suriname,SUR,2006,41.2
Suriname,SUR,2007,41.2
Suriname,SUR,2008,41.2
Suriname,SUR,2009,41.4
Suriname,SUR,2010,41.6
Suriname,SUR,2011,41.8
Suriname,SUR,2012,42.1
Suriname,SUR,2013,42.5
Suriname,SUR,2014,43
Suriname,SUR,2015,43.5
Suriname,SUR,2016,43.9
Suriname,SUR,2017,44.3
Suriname,SUR,2018,44.7
Suriname,SUR,2019,45
Syria,SYR,1990,24.4
Syria,SYR,1991,24.7
Syria,SYR,1992,24.5
Syria,SYR,1993,25
Syria,SYR,1994,26.1
Syria,SYR,1995,26.7
Syria,SYR,1996,26.9
Syria,SYR,1997,27
Syria,SYR,1998,27.6
Syria,SYR,1999,28.1
Syria,SYR,2000,27.9
Syria,SYR,2001,28.2
Syria,SYR,2002,28.3
Syria,SYR,2003,28.3
Syria,SYR,2004,28.8
Syria,SYR,2005,29
Syria,SYR,2006,29.4
Syria,SYR,2007,29.6
Syria,SYR,2008,29.9
Syria,SYR,2009,30.1
Syria,SYR,2010,30.4
Syria,SYR,2011,30.5
Syria,SYR,2012,30.5
Syria,SYR,2013,30.2
Syria,SYR,2014,30
Syria,SYR,2015,30
Syria,SYR,2016,30
Syria,SYR,2017,30.5
Syria,SYR,2018,30.7
Syria,SYR,2019,30.8
Tajikistan,TJK,1990,0
Tajikistan,TJK,1991,0
Tajikistan,TJK,1992,0
Tajikistan,TJK,1993,0
Tajikistan,TJK,1994,0
Tajikistan,TJK,1995,0
Tajikistan,TJK,1996,0
Tajikistan,TJK,1997,0
Tajikistan,TJK,1998,20
Tajikistan,TJK,1999,18.2
Tajikistan,TJK,2000,18.5
Tajikistan,TJK,2001,20.6
Tajikistan,TJK,2002,20.3
Tajikistan,TJK,2003,20.9
Tajikistan,TJK,2004,21.3
Tajikistan,TJK,2005,21.5
Tajikistan,TJK,2006,21.9
Tajikistan,TJK,2007,22.2
Tajikistan,TJK,2008,22.5
Tajikistan,TJK,2009,22.7
Tajikistan,TJK,2010,23
Tajikistan,TJK,2011,23.3
Tajikistan,TJK,2012,23.6
Tajikistan,TJK,2013,23.9
Tajikistan,TJK,2014,24.2
Tajikistan,TJK,2015,24.6
Tajikistan,TJK,2016,24.9
Tajikistan,TJK,2017,25.2
Tajikistan,TJK,2018,25.5
Tajikistan,TJK,2019,25.6
Tanzania,TZA,1990,53.9
Tanzania,TZA,1991,54.7
Tanzania,TZA,1992,55.4
Tanzania,TZA,1993,56
Tanzania,TZA,1994,56.5
Tanzania,TZA,1995,57
Tanzania,TZA,1996,57.4
Tanzania,TZA,1997,57.7
Tanzania,TZA,1998,58
Tanzania,TZA,1999,58.3
Tanzania,TZA,2000,58.6
Tanzania,TZA,2001,58.8
Tanzania,TZA,2002,59
Tanzania,TZA,2003,59.1
Tanzania,TZA,2004,59.2
Tanzania,TZA,2005,59.3
Tanzania,TZA,2006,59.4
Tanzania,TZA,2007,59.4
Tanzania,TZA,2008,59.4
Tanzania,TZA,2009,59.3
Tanzania,TZA,2010,59.3
Tanzania,TZA,2011,59.6
Tanzania,TZA,2012,59.9
Tanzania,TZA,2013,60.1
Tanzania,TZA,2014,60.3
Tanzania,TZA,2015,60.4
Tanzania,TZA,2016,60.6
Tanzania,TZA,2017,60.8
Tanzania,TZA,2018,60.9
Tanzania,TZA,2019,61
Thailand,THA,1990,11.2
Thailand,THA,1991,14.3
Thailand,THA,1992,17.2
Thailand,THA,1993,20
Thailand,THA,1994,22.7
Thailand,THA,1995,25.3
Thailand,THA,1996,27.8
Thailand,THA,1997,30.1
Thailand,THA,1998,32.4
Thailand,THA,1999,34.3
Thailand,THA,2000,36.1
Thailand,THA,2001,37.7
Thailand,THA,2002,39
Thailand,THA,2003,40.3
Thailand,THA,2004,41.3
Thailand,THA,2005,42.2
Thailand,THA,2006,42.7
Thailand,THA,2007,43.2
Thailand,THA,2008,43.6
Thailand,THA,2009,43.9
Thailand,THA,2010,44.2
Thailand,THA,2011,44.3
Thailand,THA,2012,44.4
Thailand,THA,2013,44.5
Thailand,THA,2014,44.5
Thailand,THA,2015,44.5
Thailand,THA,2016,44.5
Thailand,THA,2017,44.4
Thailand,THA,2018,44.3
Thailand,THA,2019,44.2
Timor,TLS,1990,51
Timor,TLS,1991,49.1
Timor,TLS,1992,48.5
Timor,TLS,1993,50
Timor,TLS,1994,49.4
Timor,TLS,1995,48.9
Timor,TLS,1996,48.5
Timor,TLS,1997,48.2
Timor,TLS,1998,48.3
Timor,TLS,1999,48.1
Timor,TLS,2000,47.2
Timor,TLS,2001,46.9
Timor,TLS,2002,46.7
Timor,TLS,2003,46.4
Timor,TLS,2004,45.9
Timor,TLS,2005,45.8
Timor,TLS,2006,45.4
Timor,TLS,2007,45
Timor,TLS,2008,44.6
Timor,TLS,2009,44.6
Timor,TLS,2010,44.6
Timor,TLS,2011,44.4
Timor,TLS,2012,44.4
Timor,TLS,2013,44.1
Timor,TLS,2014,44.3
Timor,TLS,2015,44.4
Timor,TLS,2016,44.3
Timor,TLS,2017,44.5
Timor,TLS,2018,44.9
Timor,TLS,2019,45.2
Togo,TGO,1990,52.9
Togo,TGO,1991,54
Togo,TGO,1992,55
Togo,TGO,1993,55.9
Togo,TGO,1994,56.7
Togo,TGO,1995,57.4
Togo,TGO,1996,57.9
Togo,TGO,1997,58.3
Togo,TGO,1998,58.7
Togo,TGO,1999,59
Togo,TGO,2000,59.2
Togo,TGO,2001,59.4
Togo,TGO,2002,59.6
Togo,TGO,2003,59.8
Togo,TGO,2004,59.9
Togo,TGO,2005,60
Togo,TGO,2006,60.1
Togo,TGO,2007,60.1
Togo,TGO,2008,60.1
Togo,TGO,2009,60.1
Togo,TGO,2010,60.1
Togo,TGO,2011,60
Togo,TGO,2012,60
Togo,TGO,2013,60.1
Togo,TGO,2014,60.5
Togo,TGO,2015,61
Togo,TGO,2016,61.5
Togo,TGO,2017,62
Togo,TGO,2018,62.6
Togo,TGO,2019,62.9
Trinidad and Tobago,TTO,1990,32.9
Trinidad and Tobago,TTO,1991,35.6
Trinidad and Tobago,TTO,1992,38.5
Trinidad and Tobago,TTO,1993,41.3
Trinidad and Tobago,TTO,1994,43.6
Trinidad and Tobago,TTO,1995,45.6
Trinidad and Tobago,TTO,1996,47.2
Trinidad and Tobago,TTO,1997,47.8
Trinidad and Tobago,TTO,1998,48.2
Trinidad and Tobago,TTO,1999,48.5
Trinidad and Tobago,TTO,2000,48.7
Trinidad and Tobago,TTO,2001,48.8
Trinidad and Tobago,TTO,2002,49
Trinidad and Tobago,TTO,2003,49.1
Trinidad and Tobago,TTO,2004,49.3
Trinidad and Tobago,TTO,2005,49.4
Trinidad and Tobago,TTO,2006,49.5
Trinidad and Tobago,TTO,2007,49.7
Trinidad and Tobago,TTO,2008,49.9
Trinidad and Tobago,TTO,2009,50
Trinidad and Tobago,TTO,2010,50.2
Trinidad and Tobago,TTO,2011,50.3
Trinidad and Tobago,TTO,2012,50.4
Trinidad and Tobago,TTO,2013,50.5
Trinidad and Tobago,TTO,2014,50.6
Trinidad and Tobago,TTO,2015,50.7
Trinidad and Tobago,TTO,2016,50.9
Trinidad and Tobago,TTO,2017,51
Trinidad and Tobago,TTO,2018,51.1
Trinidad and Tobago,TTO,2019,51
Tunisia,TUN,1990,45
Tunisia,TUN,1991,44
Tunisia,TUN,1992,43.1
Tunisia,TUN,1993,41.8
Tunisia,TUN,1994,40.8
Tunisia,TUN,1995,39.7
Tunisia,TUN,1996,38.4
Tunisia,TUN,1997,36.6
Tunisia,TUN,1998,35
Tunisia,TUN,1999,33
Tunisia,TUN,2000,31.1
Tunisia,TUN,2001,29.3
Tunisia,TUN,2002,27.8
Tunisia,TUN,2003,26.2
Tunisia,TUN,2004,24.7
Tunisia,TUN,2005,23.3
Tunisia,TUN,2006,22
Tunisia,TUN,2007,21
Tunisia,TUN,2008,20.3
Tunisia,TUN,2009,19.9
Tunisia,TUN,2010,19.7
Tunisia,TUN,2011,19.6
Tunisia,TUN,2012,19.8
Tunisia,TUN,2013,20.1
Tunisia,TUN,2014,20.6
Tunisia,TUN,2015,21.4
Tunisia,TUN,2016,22.2
Tunisia,TUN,2017,23.3
Tunisia,TUN,2018,24.5
Tunisia,TUN,2019,25.8
Uganda,UGA,1990,56.2
Uganda,UGA,1991,56.6
Uganda,UGA,1992,57.1
Uganda,UGA,1993,57.5
Uganda,UGA,1994,57.9
Uganda,UGA,1995,58.3
Uganda,UGA,1996,58.7
Uganda,UGA,1997,59
Uganda,UGA,1998,59.2
Uganda,UGA,1999,59.4
Uganda,UGA,2000,59.6
Uganda,UGA,2001,59.7
Uganda,UGA,2002,59.7
Uganda,UGA,2003,59.8
Uganda,UGA,2004,59.8
Uganda,UGA,2005,59.8
Uganda,UGA,2006,59.8
Uganda,UGA,2007,59.8
Uganda,UGA,2008,59.8
Uganda,UGA,2009,59.8
Uganda,UGA,2010,59.8
Uganda,UGA,2011,59.8
Uganda,UGA,2012,59.8
Uganda,UGA,2013,59.9
Uganda,UGA,2014,60.2
Uganda,UGA,2015,60.4
Uganda,UGA,2016,60.7
Uganda,UGA,2017,60.9
Uganda,UGA,2018,61
Uganda,UGA,2019,61.2
Ukraine,UKR,1990,20.5
Ukraine,UKR,1991,20.5
Ukraine,UKR,1992,20.4
Ukraine,UKR,1993,20.4
Ukraine,UKR,1994,23.4
Ukraine,UKR,1995,24.2
Ukraine,UKR,1996,24.3
Ukraine,UKR,1997,25.2
Ukraine,UKR,1998,27.2
Ukraine,UKR,1999,29.3
Ukraine,UKR,2000,31.1
Ukraine,UKR,2001,32.6
Ukraine,UKR,2002,34
Ukraine,UKR,2003,35.3
Ukraine,UKR,2004,36.4
Ukraine,UKR,2005,37.3
Ukraine,UKR,2006,38.1
Ukraine,UKR,2007,38.9
Ukraine,UKR,2008,39.8
Ukraine,UKR,2009,40.6
Ukraine,UKR,2010,41.3
Ukraine,UKR,2011,42
Ukraine,UKR,2012,42.7
Ukraine,UKR,2013,43.2
Ukraine,UKR,2014,43.7
Ukraine,UKR,2015,44.1
Ukraine,UKR,2016,44.3
Ukraine,UKR,2017,44.4
Ukraine,UKR,2018,44.5
Ukraine,UKR,2019,44.5
United States,USA,1990,18.1
United States,USA,1991,18.3
United States,USA,1992,18.6
United States,USA,1993,18.8
United States,USA,1994,19.1
United States,USA,1995,19.4
United States,USA,1996,19.6
United States,USA,1997,19.8
United States,USA,1998,20
United States,USA,1999,20.1
United States,USA,2000,20.3
United States,USA,2001,20.5
United States,USA,2002,20.7
United States,USA,2003,20.8
United States,USA,2004,21
United States,USA,2005,21.1
United States,USA,2006,21.2
United States,USA,2007,21.3
United States,USA,2008,21.4
United States,USA,2009,21.5
United States,USA,2010,21.6
United States,USA,2011,21.6
United States,USA,2012,21.7
United States,USA,2013,21.7
United States,USA,2014,21.7
United States,USA,2015,21.6
United States,USA,2016,21.6
United States,USA,2017,21.6
United States,USA,2018,21.5
Uzbekistan,UZB,1990,33.3
Uzbekistan,UZB,1991,34.5
Uzbekistan,UZB,1992,33.3
Uzbekistan,UZB,1993,33.9
Uzbekistan,UZB,1994,33.9
Uzbekistan,UZB,1995,34
Uzbekistan,UZB,1996,34.3
Uzbekistan,UZB,1997,34.5
Uzbekistan,UZB,1998,34.7
Uzbekistan,UZB,1999,34.9
Uzbekistan,UZB,2000,35
Uzbekistan,UZB,2001,35.1
Uzbekistan,UZB,2002,35.1
Uzbekistan,UZB,2003,35.2
Uzbekistan,UZB,2004,35.2
Uzbekistan,UZB,2005,35.2
Uzbekistan,UZB,2006,35.2
Uzbekistan,UZB,2007,35.3
Uzbekistan,UZB,2008,35.4
Uzbekistan,UZB,2009,35.5
Uzbekistan,UZB,2010,35.6
Uzbekistan,UZB,2011,35.7
Uzbekistan,UZB,2012,35.9
Uzbekistan,UZB,2013,36.1
Uzbekistan,UZB,2014,36.3
Uzbekistan,UZB,2015,36.5
Uzbekistan,UZB,2016,36.7
Uzbekistan,UZB,2017,36.9
Uzbekistan,UZB,2018,37
Uzbekistan,UZB,2019,37.1
Venezuela,VEN,1990,45.2
Venezuela,VEN,1991,45.3
Venezuela,VEN,1992,45.3
Venezuela,VEN,1993,45.3
Venezuela,VEN,1994,45.4
Venezuela,VEN,1995,45.4
Venezuela,VEN,1996,45.4
Venezuela,VEN,1997,45.4
Venezuela,VEN,1998,45.4
Venezuela,VEN,1999,45.5
Venezuela,VEN,2000,45.5
Venezuela,VEN,2001,45.4
Venezuela,VEN,2002,45.2
Venezuela,VEN,2003,45.1
Venezuela,VEN,2004,44.9
Venezuela,VEN,2005,44.8
Venezuela,VEN,2006,44.6
Venezuela,VEN,2007,44.5
Venezuela,VEN,2008,44.4
Venezuela,VEN,2009,44.2
Venezuela,VEN,2010,44
Venezuela,VEN,2011,43.8
Venezuela,VEN,2012,43.5
Venezuela,VEN,2013,43.1
Venezuela,VEN,2014,42.7
Venezuela,VEN,2015,42.4
Venezuela,VEN,2016,42.2
Venezuela,VEN,2017,41.9
Venezuela,VEN,2018,41.4
Venezuela,VEN,2019,41.3
Vietnam,VNM,1990,25.2
Vietnam,VNM,1991,25.8
Vietnam,VNM,1992,26.4
Vietnam,VNM,1993,26.9
Vietnam,VNM,1994,27.3
Vietnam,VNM,1995,27.7
Vietnam,VNM,1996,28
Vietnam,VNM,1997,28.3
Vietnam,VNM,1998,28.5
Vietnam,VNM,1999,28.7
Vietnam,VNM,2000,28.8
Vietnam,VNM,2001,28.9
Vietnam,VNM,2002,28.9
Vietnam,VNM,2003,28.9
Vietnam,VNM,2004,28.9
Vietnam,VNM,2005,28.8
Vietnam,VNM,2006,28.7
Vietnam,VNM,2007,28.8
Vietnam,VNM,2008,28.9
Vietnam,VNM,2009,28.9
Vietnam,VNM,2010,28.9
Vietnam,VNM,2011,28.9
Vietnam,VNM,2012,29.1
Vietnam,VNM,2013,29.4
Vietnam,VNM,2014,29.7
Vietnam,VNM,2015,29.9
Vietnam,VNM,2016,30.2
Vietnam,VNM,2017,30.5
Vietnam,VNM,2018,30.9
Vietnam,VNM,2019,31.3
World,OWID_WRL,1990,45.1
World,OWID_WRL,1991,45.9
World,OWID_WRL,1992,46.8
World,OWID_WRL,1993,47.6
World,OWID_WRL,1994,48.3
World,OWID_WRL,1995,49
World,OWID_WRL,1996,49.6
World,OWID_WRL,1997,50.1
World,OWID_WRL,1998,50.5
World,OWID_WRL,1999,50.8
World,OWID_WRL,2000,51.1
World,OWID_WRL,2001,51.4
World,OWID_WRL,2002,51.6
World,OWID_WRL,2003,51.7
World,OWID_WRL,2004,51.9
World,OWID_WRL,2005,52
World,OWID_WRL,2006,52.1
World,OWID_WRL,2007,52.1
World,OWID_WRL,2008,52.2
World,OWID_WRL,2009,52.3
World,OWID_WRL,2010,52.4
World,OWID_WRL,2011,52.5
World,OWID_WRL,2012,52.6
World,OWID_WRL,2013,52.7
World,OWID_WRL,2014,52.8
World,OWID_WRL,2015,52.9
World,OWID_WRL,2016,52.9
World,OWID_WRL,2017,53
World,OWID_WRL,2018,53
World,OWID_WRL,2019,53
Yemen,YEM,1990,47.3
Yemen,YEM,1991,46.9
Yemen,YEM,1992,46.5
Yemen,YEM,1993,46
Yemen,YEM,1994,45.4
Yemen,YEM,1995,45.2
Yemen,YEM,1996,45
Yemen,YEM,1997,44.7
Yemen,YEM,1998,44.1
Yemen,YEM,1999,43.2
Yemen,YEM,2000,42.2
Yemen,YEM,2001,40.7
Yemen,YEM,2002,39
Yemen,YEM,2003,37.2
Yemen,YEM,2004,35
Yemen,YEM,2005,32.9
Yemen,YEM,2006,30.8
Yemen,YEM,2007,28.8
Yemen,YEM,2008,27.2
Yemen,YEM,2009,25.8
Yemen,YEM,2010,24.7
Yemen,YEM,2011,23.9
Yemen,YEM,2012,23.2
Yemen,YEM,2013,22.6
Yemen,YEM,2014,22.2
Yemen,YEM,2015,22
Yemen,YEM,2016,21.9
Yemen,YEM,2017,21.8
Yemen,YEM,2018,21.8
Yemen,YEM,2019,21.9
Zambia,ZMB,1990,48.3
Zambia,ZMB,1991,49.6
Zambia,ZMB,1992,50.7
Zambia,ZMB,1993,51.6
Zambia,ZMB,1994,52.4
Zambia,ZMB,1995,53.2
Zambia,ZMB,1996,53.8
Zambia,ZMB,1997,54.5
Zambia,ZMB,1998,55.1
Zambia,ZMB,1999,55.6
Zambia,ZMB,2000,56.1
Zambia,ZMB,2001,56.6
Zambia,ZMB,2002,57
Zambia,ZMB,2003,57.4
Zambia,ZMB,2004,57.8
Zambia,ZMB,2005,58.1
Zambia,ZMB,2006,58.4
Zambia,ZMB,2007,58.6
Zambia,ZMB,2008,58.8
Zambia,ZMB,2009,59
Zambia,ZMB,2010,59.1
Zambia,ZMB,2011,59.3
Zambia,ZMB,2012,59.4
Zambia,ZMB,2013,59.4
Zambia,ZMB,2014,59.5
Zambia,ZMB,2015,59.5
Zambia,ZMB,2016,59.6
Zambia,ZMB,2017,59.6
Zambia,ZMB,2018,59.7
Zambia,ZMB,2019,59.8
Zimbabwe,ZWE,1990,46.3
Zimbabwe,ZWE,1991,47.8
Zimbabwe,ZWE,1992,49
Zimbabwe,ZWE,1993,50
Zimbabwe,ZWE,1994,50.8
Zimbabwe,ZWE,1995,51.6
Zimbabwe,ZWE,1996,52.3
Zimbabwe,ZWE,1997,52.9
Zimbabwe,ZWE,1998,53.5
Zimbabwe,ZWE,1999,54
Zimbabwe,ZWE,2000,54.6
Zimbabwe,ZWE,2001,55.2
Zimbabwe,ZWE,2002,55.7
Zimbabwe,ZWE,2003,56.2
Zimbabwe,ZWE,2004,56.6
Zimbabwe,ZWE,2005,57
Zimbabwe,ZWE,2006,57.4
Zimbabwe,ZWE,2007,57.7
Zimbabwe,ZWE,2008,57.9
Zimbabwe,ZWE,2009,58.1
Zimbabwe,ZWE,2010,58.9
Zimbabwe,ZWE,2011,59
Zimbabwe,ZWE,2012,59.2
Zimbabwe,ZWE,2013,59.3
Zimbabwe,ZWE,2014,59.4
Zimbabwe,ZWE,2015,59.4
Zimbabwe,ZWE,2016,59.5
Zimbabwe,ZWE,2017,59.5
Zimbabwe,ZWE,2018,59.6
Zimbabwe,ZWE,2019,59.6
