year,top1_country,top1_ftas,top2_country,top2_ftas,top3_country,top3_ftas,top4_country,top4_ftas,top5_country,top5_ftas,top6_country,top6_ftas,top7_country,top7_ftas,top8_country,top8_ftas,top9_country,top9_ftas,top10_country,top10_ftas
2014,United States,1118983,Bangladesh,942562,United Kingdom,838860,Sri Lanka,301601,Russian Fed.,269832,Canada,268485,Malaysia,262026,France,246101,Australia,239762,Germany,239106
2015,United States,1213624,Bangladesh,1133879,United Kingdom,867601,Sri Lanka,299513,Canada,281306,Malaysia,272941,Australia,263101,Germany,248314,France,230854,Japan,207415
2016,Bangladesh,1380409,United States,1296939,United Kingdom,941883,Canada,317239,Malaysia,301961,Sri Lanka,297418,Australia,293625,Germany,265928,China,251313,France,238707
2017,Bangladesh,2156557,United States,1376919,United Kingdom,986296,Canada,335439,Australia,324243,Malaysia,322126,Sri Lanka,303590,Russian Fed.,278904,Germany,269380,France,249620
2018,Bangladesh,2256675,United States,1456678,United Kingdom,1029758,Sri Lanka,353684,Canada,351040,Australia,346486,Malaysia,319172,China,281768,Germany,274087,Russian Fed.,262309
2019,Bangladesh,2577727,United States,1512032,United Kingdom,1000292,Australia,367241,Canada,351859,China,339442,Malaysia,334579,Sri Lanka,330861,Germany,264973,Russian Fed.,251319
2020,Bangladesh,549273,United States,394092,United Kingdom,291874,Canada,122868,Russian Fed.,102166,Australia,86758,France,74243,Germany,72558,Malaysia,69897,Sri Lanka,68646
