year,top1_state,top1_ftv,top2_state,top2_ftv,top3_state,top3_ftv,top4_state,top4_ftv,top5_state,top5_ftv,top6_state,top6_ftv,top7_state,top7_ftv,top8_state,top8_ftv,top9_state,top9_ftv,top10_state,top10_ftv
2014.00,Tamil Nadu,4657630,Maharashtra,4389098,Uttar Pradesh,2909735,Delhi,2319046,Rajasthan,1525574,West Bengal,1375740,Kerala,923366,Bihar,829508,Karnataka,561870,Harayana,547367
2015.00,Tamil Nadu,4684707,Maharashtra,4408916,Uttar Pradesh,3104062,Delhi,2379169,West Bengal,1489500,Rajasthan,1475311,Kerala,977479,Bihar,923737,Karnataka,636502,Goa,541480
2016.00,Tamil Nadu,4721978,Maharashtra,4670048,Uttar Pradesh,3156812,Delhi,2520083,West Bengal,1528700,Rajasthan,1513729,Kerala,1038419,Bihar,1010531,Goa,680683,Punjab,659736
2017.00,Maharashtra,5078514,Tamil Nadu,4860455,Uttar Pradesh,3556204,Delhi,2740502,Rajasthan,1609963,West Bengal,1574915,Punjab,1108635,Kerala,1091870,Bihar,1082705,Goa,842220
2018.00,Tamil Nadu,6074345,Maharashtra,5078514,Uttar Pradesh,3780752,Delhi,2740502,Rajasthan,1754348,West Bengal,1617105,Punjab,1200969,Kerala,1096407,Bihar,1087971,Goa,933841
2019.00,Tamil Nadu,6866327,Maharashtra,5528704,Uttar Pradesh,4745181,Delhi,2983436,West Bengal,1656145,Rajasthan,1605560,Kerala,1189771,Punjab,1101343,Bihar,1093141,Goa,937113
2020.00,Maharashtra,1262409,Tamil Nadu,1228323,Uttar Pradesh,890932,Delhi,681230,West Bengal,463285,Rajasthan,446457,Punjab,359114,Kerala,340755,Bihar,308080,Goa,302751
